-- phpMyAdmin SQL Dump
-- version 4.7.4
-- https://www.phpmyadmin.net/
--
-- Host: 127.0.0.1
-- Generation Time: Jul 29, 2019 at 03:20 PM
-- Server version: 10.1.29-MariaDB
-- PHP Version: 7.2.0

SET SQL_MODE = "NO_AUTO_VALUE_ON_ZERO";
SET AUTOCOMMIT = 0;
START TRANSACTION;
SET time_zone = "+00:00";


/*!40101 SET @OLD_CHARACTER_SET_CLIENT=@@CHARACTER_SET_CLIENT */;
/*!40101 SET @OLD_CHARACTER_SET_RESULTS=@@CHARACTER_SET_RESULTS */;
/*!40101 SET @OLD_COLLATION_CONNECTION=@@COLLATION_CONNECTION */;
/*!40101 SET NAMES utf8mb4 */;

--
-- Database: `himalayan_wheels`
--

-- --------------------------------------------------------

--
-- Table structure for table `admin`
--

CREATE TABLE `admin` (
  `member_id` int(10) UNSIGNED NOT NULL,
  `member_type` int(2) NOT NULL COMMENT '1-admin/2-employee',
  `member_name` varchar(255) NOT NULL,
  `member_phone` varchar(50) NOT NULL,
  `member_email` varchar(255) DEFAULT NULL,
  `member_username` varchar(255) NOT NULL,
  `member_password` varchar(255) NOT NULL,
  `member_avtar` varchar(255) DEFAULT NULL,
  `member_gender` varchar(255) DEFAULT NULL,
  `member_join_date` date DEFAULT NULL,
  `member_address` text,
  `member_status` int(2) NOT NULL DEFAULT '1' COMMENT '0-deactive/1-active/2-delete',
  `member_create_at` timestamp NOT NULL DEFAULT CURRENT_TIMESTAMP ON UPDATE CURRENT_TIMESTAMP,
  `member_update_at` timestamp NOT NULL DEFAULT CURRENT_TIMESTAMP,
  `member_delete_at` timestamp NULL DEFAULT NULL
) ENGINE=InnoDB DEFAULT CHARSET=latin1;

--
-- Dumping data for table `admin`
--

INSERT INTO `admin` (`member_id`, `member_type`, `member_name`, `member_phone`, `member_email`, `member_username`, `member_password`, `member_avtar`, `member_gender`, `member_join_date`, `member_address`, `member_status`, `member_create_at`, `member_update_at`, `member_delete_at`) VALUES
(1, 1, 'HW', 'admin', 'admin', 'admin', 'admin', NULL, 'Male', '2019-04-25', 'dsfsd', 1, '2019-07-24 05:58:57', '2019-04-10 09:47:30', NULL);

-- --------------------------------------------------------

--
-- Table structure for table `booking`
--

CREATE TABLE `booking` (
  `bk_id` int(10) UNSIGNED NOT NULL,
  `member_id_ref_booking` int(10) UNSIGNED NOT NULL,
  `bk_pickup_loc` text NOT NULL,
  `bk_drop_loc` text NOT NULL,
  `bk_journey_date` date NOT NULL,
  `bk_pickup_point` text NOT NULL,
  `bk_pickup_time` text NOT NULL,
  `bk_total_people` int(11) NOT NULL,
  `bk_vehical_type` text NOT NULL,
  `bk_name` text NOT NULL,
  `bk_phone` text NOT NULL,
  `bk_email` text NOT NULL,
  `bk_address` text NOT NULL,
  `bk_alt_phone` text,
  `bk_message` text NOT NULL,
  `bk_facility_type` int(3) NOT NULL COMMENT '1-nonac/2-Ac',
  `bk_price` int(11) NOT NULL,
  `bk_total_amount` int(11) NOT NULL,
  `bk_car_require` int(11) NOT NULL,
  `bk_transaction_id` text NOT NULL,
  `bk_status` int(3) NOT NULL DEFAULT '1',
  `bk_ip` text,
  `bk_update_at` timestamp NOT NULL DEFAULT CURRENT_TIMESTAMP ON UPDATE CURRENT_TIMESTAMP,
  `bk_create_at` timestamp NOT NULL DEFAULT CURRENT_TIMESTAMP,
  `bk_delete-at` timestamp NULL DEFAULT NULL
) ENGINE=InnoDB DEFAULT CHARSET=latin1;

--
-- Dumping data for table `booking`
--

INSERT INTO `booking` (`bk_id`, `member_id_ref_booking`, `bk_pickup_loc`, `bk_drop_loc`, `bk_journey_date`, `bk_pickup_point`, `bk_pickup_time`, `bk_total_people`, `bk_vehical_type`, `bk_name`, `bk_phone`, `bk_email`, `bk_address`, `bk_alt_phone`, `bk_message`, `bk_facility_type`, `bk_price`, `bk_total_amount`, `bk_car_require`, `bk_transaction_id`, `bk_status`, `bk_ip`, `bk_update_at`, `bk_create_at`, `bk_delete-at`) VALUES
(1, 1, 'Bagdogra', 'Lolegaon', '2019-07-27', 'fsdfsdf', '6:14 PM', 1, 'WagnoR/Indica/Alto', 'das', '3333333333', 'cd@sdf.fs', 'dfsdf', 'sdfsdfsdfsd', 'sdfs', 2, 1, 1, 1, '1', 1, '::1', '2019-07-26 13:25:54', '2019-07-25 12:44:58', NULL),
(2, 1, 'Bagdogra', 'Lolegaon', '2019-07-30', 'slg', '6:16 PM', 2, 'WagnoR/Indica/Alto', 'Nakul', '7003232243', 'nakulsarkar23@gamil.com', 'address', 'altphone', 'msg', 2, 1, 1, 1, '1b3c2d43b03cac559dd2', 1, '::1', '2019-07-26 13:25:56', '2019-07-25 12:48:35', NULL);

-- --------------------------------------------------------

--
-- Table structure for table `enquiry`
--

CREATE TABLE `enquiry` (
  `enq_id` int(10) UNSIGNED NOT NULL,
  `member_id_ref_enquiry` int(10) UNSIGNED NOT NULL,
  `enq_pickup_loc` text NOT NULL,
  `enq_drop_loc` text NOT NULL,
  `enq_journey_date` date NOT NULL,
  `enq_total_people` int(11) NOT NULL,
  `enq_vehical_type` text NOT NULL,
  `enq_sightseeing` text,
  `enq_name` varchar(255) NOT NULL,
  `enq_phone` varchar(20) NOT NULL,
  `enq_email` varchar(255) NOT NULL,
  `enq_address` text NOT NULL,
  `enq_alt_phone` varchar(20) DEFAULT NULL,
  `enq_message` text,
  `enq_pickuplocation` text NOT NULL,
  `enq_pickuptime` text NOT NULL,
  `enq_status` int(3) NOT NULL DEFAULT '1',
  `enq_ip` varchar(50) DEFAULT NULL,
  `enq_update_at` timestamp NOT NULL DEFAULT CURRENT_TIMESTAMP ON UPDATE CURRENT_TIMESTAMP,
  `enq_create_at` timestamp NOT NULL DEFAULT CURRENT_TIMESTAMP,
  `enq_delete_at` timestamp NULL DEFAULT NULL
) ENGINE=InnoDB DEFAULT CHARSET=latin1;

--
-- Dumping data for table `enquiry`
--

INSERT INTO `enquiry` (`enq_id`, `member_id_ref_enquiry`, `enq_pickup_loc`, `enq_drop_loc`, `enq_journey_date`, `enq_total_people`, `enq_vehical_type`, `enq_sightseeing`, `enq_name`, `enq_phone`, `enq_email`, `enq_address`, `enq_alt_phone`, `enq_message`, `enq_pickuplocation`, `enq_pickuptime`, `enq_status`, `enq_ip`, `enq_update_at`, `enq_create_at`, `enq_delete_at`) VALUES
(1, 2, 'Bagdogra', 'Lolegaon', '2019-07-30', 3, '1', NULL, 'nakul', '7003232243', 'nakulsarkar@gmail.com', 'asdfsfs', 'alt', 'fgvdgd', 'dfsdf', '5:44 PM', 1, '::1', '2019-07-26 13:58:58', '2019-07-26 13:51:42', NULL);

-- --------------------------------------------------------

--
-- Table structure for table `locations`
--

CREATE TABLE `locations` (
  `loc_id` int(10) UNSIGNED NOT NULL,
  `loc_parent_id` int(10) UNSIGNED DEFAULT NULL,
  `loc_slug` varchar(255) NOT NULL,
  `loc_name` varchar(255) NOT NULL,
  `loc_aliases` text,
  `loc_status` int(3) NOT NULL DEFAULT '1',
  `loc_update_at` timestamp NOT NULL DEFAULT CURRENT_TIMESTAMP ON UPDATE CURRENT_TIMESTAMP,
  `loc_create_at` timestamp NOT NULL DEFAULT CURRENT_TIMESTAMP,
  `loc_delete_at` timestamp NULL DEFAULT NULL
) ENGINE=InnoDB DEFAULT CHARSET=latin1;

--
-- Dumping data for table `locations`
--

INSERT INTO `locations` (`loc_id`, `loc_parent_id`, `loc_slug`, `loc_name`, `loc_aliases`, `loc_status`, `loc_update_at`, `loc_create_at`, `loc_delete_at`) VALUES
(1, NULL, 'darjeeling', 'Darjeeling', NULL, 1, '2019-07-04 06:20:08', '2019-07-04 05:11:54', NULL),
(2, NULL, 'dooars', 'Dooars', NULL, 1, '2019-07-04 06:20:08', '2019-07-04 05:41:34', NULL),
(3, 2, 'dhupjhora', 'Dhupjhora', NULL, 1, '2019-07-15 07:58:03', '2019-07-04 06:15:35', NULL),
(4, NULL, 'njp', 'New Jalpaiguri (NJP)', NULL, 1, '2019-07-15 08:08:38', '2019-07-09 04:44:10', NULL),
(5, 2, 'jaigaon', 'Jaigaon', NULL, 1, '2019-07-09 04:44:25', '2019-07-09 04:44:25', NULL),
(6, NULL, 'kalimpong', 'Kalimpong', NULL, 1, '2019-07-09 05:03:41', '2019-07-09 05:02:50', NULL),
(7, 6, 'lava', 'Lava', NULL, 1, '2019-07-09 05:04:30', '2019-07-09 05:04:30', NULL),
(8, 6, 'mirik', 'Mirik', NULL, 1, '2019-07-09 05:15:48', '2019-07-09 05:15:48', NULL),
(9, 2, 'phuentsholing', 'Phuentsholing', NULL, 1, '2019-07-09 05:27:00', '2019-07-09 05:27:00', NULL),
(10, 6, 'kolakham', 'Kolakham', NULL, 1, '2019-07-09 05:59:39', '2019-07-09 05:59:39', NULL),
(11, 1, 'latpanchar', 'Latpanchar', NULL, 1, '2019-07-09 06:14:06', '2019-07-09 06:14:06', NULL),
(12, 6, 'lolegaon', 'Lolegaon', NULL, 1, '2019-07-09 06:23:17', '2019-07-09 06:23:17', NULL),
(13, NULL, 'sikkim', 'Sikkim', NULL, 1, '2019-07-09 06:47:42', '2019-07-09 06:32:17', NULL),
(14, 13, 'namchi', 'Namchi', NULL, 1, '2019-07-09 06:32:24', '2019-07-09 06:32:24', NULL),
(15, 13, 'pelling', 'Pelling', NULL, 1, '2019-07-09 06:47:25', '2019-07-09 06:47:25', NULL),
(16, 13, 'ravangla', 'Ravangla', NULL, 1, '2019-07-09 06:56:11', '2019-07-09 06:56:11', NULL),
(17, 1, 'sittong', 'Sittong', NULL, 1, '2019-07-09 07:06:01', '2019-07-09 07:06:01', NULL),
(18, 6, 'rishop', 'Rishop', NULL, 1, '2019-07-09 08:30:37', '2019-07-09 08:30:37', NULL),
(19, 2, 'jhalong', 'Jhalong', NULL, 1, '2019-07-11 11:27:48', '2019-07-11 11:27:48', NULL),
(20, 2, 'lataguri', 'Lataguri', NULL, 1, '2019-07-11 11:32:30', '2019-07-11 11:32:30', NULL),
(21, 2, 'murti', 'Murti', NULL, 1, '2019-07-11 11:37:31', '2019-07-11 11:37:31', NULL),
(22, 2, 'samsing', 'Samsing', NULL, 1, '2019-07-11 11:43:08', '2019-07-11 11:43:08', NULL),
(23, 2, 'suntalekhola', 'Suntalekhola', NULL, 1, '2019-07-11 11:46:33', '2019-07-11 11:46:33', NULL),
(24, 2, 'bindu', 'Bindu', NULL, 1, '2019-07-12 05:38:42', '2019-07-12 05:38:42', NULL),
(25, 2, 'nagrakata', 'Nagrakata', NULL, 1, '2019-07-12 05:43:43', '2019-07-12 05:43:43', NULL),
(26, 2, 'paren', 'Paren', NULL, 1, '2019-07-12 05:51:26', '2019-07-12 05:51:26', NULL),
(27, 2, 'gajoldoba', 'Gajoldoba', NULL, 1, '2019-07-13 06:09:16', '2019-07-13 06:09:16', NULL),
(28, 2, 'jalpaiguri', 'Jalpaiguri', NULL, 1, '2019-07-13 06:11:56', '2019-07-13 06:11:56', NULL),
(29, 2, 'maynaguri', 'Maynaguri', NULL, 1, '2019-07-13 06:20:06', '2019-07-13 06:20:06', NULL),
(30, 2, 'alipurduar', 'Alipurduar', NULL, 1, '2019-07-13 06:24:47', '2019-07-13 06:24:47', NULL),
(31, NULL, 'bagdogra', 'Bagdogra', NULL, 1, '2019-07-13 12:56:20', '2019-07-13 12:56:20', NULL),
(32, NULL, 'gangtok', 'Gangtok', NULL, 1, '2019-07-15 09:41:58', '2019-07-13 13:02:20', NULL),
(33, NULL, 'test', 'test', NULL, 1, '2019-07-26 06:38:30', '2019-07-26 06:38:30', NULL);

-- --------------------------------------------------------

--
-- Table structure for table `location_aliases`
--

CREATE TABLE `location_aliases` (
  `la_id` int(10) UNSIGNED NOT NULL,
  `loc_id_ref_la` int(10) UNSIGNED NOT NULL,
  `la_name` text NOT NULL,
  `la_status` int(11) NOT NULL DEFAULT '1',
  `la_update_at` timestamp NOT NULL DEFAULT CURRENT_TIMESTAMP ON UPDATE CURRENT_TIMESTAMP,
  `la_create_at` timestamp NOT NULL DEFAULT CURRENT_TIMESTAMP,
  `la_delete_at` timestamp NULL DEFAULT NULL
) ENGINE=InnoDB DEFAULT CHARSET=latin1;

--
-- Dumping data for table `location_aliases`
--

INSERT INTO `location_aliases` (`la_id`, `loc_id_ref_la`, `la_name`, `la_status`, `la_update_at`, `la_create_at`, `la_delete_at`) VALUES
(1, 4, 'Siliguri', 1, '2019-07-15 12:25:06', '2019-07-15 10:13:33', NULL);

-- --------------------------------------------------------

--
-- Table structure for table `members`
--

CREATE TABLE `members` (
  `mem_id` int(10) UNSIGNED NOT NULL,
  `mem_name` varchar(255) NOT NULL,
  `mem_phone` varchar(20) NOT NULL,
  `mem_alternative_phone` text,
  `mem_email` text,
  `mem_address` text NOT NULL,
  `mem_status` int(2) NOT NULL DEFAULT '1',
  `mem_update_at` timestamp NOT NULL DEFAULT CURRENT_TIMESTAMP ON UPDATE CURRENT_TIMESTAMP,
  `mem_create_at` timestamp NOT NULL DEFAULT CURRENT_TIMESTAMP,
  `mem_delete_at` timestamp NULL DEFAULT NULL
) ENGINE=InnoDB DEFAULT CHARSET=latin1;

--
-- Dumping data for table `members`
--

INSERT INTO `members` (`mem_id`, `mem_name`, `mem_phone`, `mem_alternative_phone`, `mem_email`, `mem_address`, `mem_status`, `mem_update_at`, `mem_create_at`, `mem_delete_at`) VALUES
(1, 'name', '7012121212', 'sffcdsfsd', 'sdfas@fgd.dfs', 'dsfsf', 1, '2019-07-26 13:36:09', '2019-07-26 12:52:11', '2019-07-26 13:35:57'),
(2, 'nakul', '7003232243', 'alt', 'nakulsarkar@gmail.com', 'asdfsfs', 1, '2019-07-26 13:51:42', '2019-07-26 13:51:42', NULL);

-- --------------------------------------------------------

--
-- Table structure for table `quick_contact`
--

CREATE TABLE `quick_contact` (
  `qid` int(11) NOT NULL,
  `qname` varchar(255) NOT NULL,
  `qemail` varchar(255) NOT NULL,
  `qmobile` varchar(50) DEFAULT NULL,
  `qmsg` varchar(1000) NOT NULL,
  `qsource` varchar(255) NOT NULL,
  `qdate` timestamp NOT NULL DEFAULT CURRENT_TIMESTAMP,
  `qip` varchar(15) NOT NULL,
  `qstatus` int(11) NOT NULL DEFAULT '1',
  `qdeleteat` timestamp NULL DEFAULT CURRENT_TIMESTAMP
) ENGINE=InnoDB DEFAULT CHARSET=latin1;

--
-- Dumping data for table `quick_contact`
--

INSERT INTO `quick_contact` (`qid`, `qname`, `qemail`, `qmobile`, `qmsg`, `qsource`, `qdate`, `qip`, `qstatus`, `qdeleteat`) VALUES
(1, 'fsdf', 'ffsdf@rfsdg.sfdsd', '444444444444/fvdf', 'sdfsd', 'HW', '2019-07-24 07:59:33', '::1', 1, '2019-07-24 07:59:33');

-- --------------------------------------------------------

--
-- Table structure for table `rent_list`
--

CREATE TABLE `rent_list` (
  `rent_id` int(10) UNSIGNED NOT NULL,
  `rent_spoint` int(10) UNSIGNED NOT NULL,
  `rent_epoint` int(10) UNSIGNED NOT NULL,
  `rent_description` text,
  `rent_metatitle` text,
  `rent_metadescription` text,
  `rent_metakeywords` text,
  `rent_hatchback_price_nonac` int(11) NOT NULL DEFAULT '0',
  `rent_sedan_price_nonac` int(11) NOT NULL DEFAULT '0',
  `rent_standard_price_nonac` int(11) NOT NULL DEFAULT '0',
  `rent_luxury_price_nonac` int(11) NOT NULL DEFAULT '0',
  `rent_hatchback_price_ac` int(11) NOT NULL DEFAULT '0',
  `rent_sedan_price_ac` int(11) NOT NULL DEFAULT '0',
  `rent_standard_price_ac` int(11) NOT NULL DEFAULT '0',
  `rent_luxury_price_ac` int(11) NOT NULL DEFAULT '0',
  `rent_social_metatitle` text,
  `rent_social_metadesc` text,
  `rent_fb_img` text,
  `rent_twiter_img` text,
  `rent_status` int(3) NOT NULL DEFAULT '1',
  `rent_update_at` timestamp NOT NULL DEFAULT CURRENT_TIMESTAMP ON UPDATE CURRENT_TIMESTAMP,
  `rent_create_at` timestamp NOT NULL DEFAULT CURRENT_TIMESTAMP,
  `rent_delete_at` timestamp NULL DEFAULT NULL
) ENGINE=InnoDB DEFAULT CHARSET=latin1;

--
-- Dumping data for table `rent_list`
--

INSERT INTO `rent_list` (`rent_id`, `rent_spoint`, `rent_epoint`, `rent_description`, `rent_metatitle`, `rent_metadescription`, `rent_metakeywords`, `rent_hatchback_price_nonac`, `rent_sedan_price_nonac`, `rent_standard_price_nonac`, `rent_luxury_price_nonac`, `rent_hatchback_price_ac`, `rent_sedan_price_ac`, `rent_standard_price_ac`, `rent_luxury_price_ac`, `rent_social_metatitle`, `rent_social_metadesc`, `rent_fb_img`, `rent_twiter_img`, `rent_status`, `rent_update_at`, `rent_create_at`, `rent_delete_at`) VALUES
(1, 4, 5, '<h2>How to Travel From NJP to Jaigaon</h2>\r\n<p>Jaigaon is a touristy town of Alipurduar District in the state of West Bengal. It is a small valley located near the low-lying hills of the Himalayan mountains. The city is surrounded by many tea gardens and Torsa river flows at the lower end of the town. &nbsp;The town is situated at the India-Bhutan border with Phuentsholing, therefore you will get a chance to enjoy some Bhutanese places too. The town is quite small and you can easily see the city on foot. As of census 2011, the population of Jaigaon is just 42,254. Therefore if you are planning to Visit Bhutan Jaigaon should be in your must-visit list.</p>\r\n<p>Now, if you are thinking about going there from New Jalpaiguri, you have to know all the possible ways. Well, that is why we are here to help you and give you the exact information about going there from NJP to Jaigaon.</p>\r\n<h2>Places to Travel Jaigaon</h2>\r\n<p>Jaigaon has plenty of reasons to attract travelers. As it is located near Bhutan, you can experience the mesmerizing beauty of this country. Bhutan Gate is located near the city. As a result, you will get a chance to know and enjoy this eye-catching Bhutanese architecture. The temperature of the town is quite pleasing. The temperature stays at 22 degrees to 30 degrees during summer and 10 degrees to 24 degrees Celsius during winter. This town becomes a must visit place if you want to escape the intense heat of summer.</p>\r\n<h2>NJP to Jaigaon by Road</h2>\r\n<p>If you want to travel from NJP to Jaigaon, there are many options available. Bhutan post usually operates bus services from New Jalpaiguri to Jaigaon for 3 times a week. You can even go to Siliguri. From P.C Mittal Bus Stand, buses are available to travel Jaigaon. Buses approximately take 4 hours and 15 minutes to reach there.<br />\r\nJourney time becomes short if you book a taxi. Taxis usually take approximately 2 hours depending on the traffic and road conditions. That is why we always prefer to get a pre-book taxi from NJP. You can pre-book our car just one-day before your scheduled journey and we will pick you up. The process is completely hassle-free and convenient, just give a call to book and we will be there to pick you.</p>\r\n<h2>NJP to Jaigaon by Train</h2>\r\n<p>There is no railway station in Jaigaon. The nearest railway station is Hasimara and this is why Indian Railway offers train service from NJP to Hasimara only. The journey takes usually 3 hours and 38 minutes. Here, as you can see the journey time is quite long. After arriving Hashimara, you have to take an auto to finally reach Jaigaon. The journey can be full of hassles.</p>\r\n<h2>How to Return From Jaigaon</h2>\r\n<p>Finally, we have guided you to know all the details related to reaching Jaigaon from New Jalpaiguri. And now maybe you are thinking about the process of returning. Please don\'t worry because here at Himalayan Wheels, we always are here to help you out.</p>\r\n<p>During the time of returning, you can take all the above-mentioned mediums to return. But if you want to return your home quite comfortably after enjoying the beauty of Jaigaon, you can always opt for our car rental service.</p>\r\n<h2>Why You Should Choose Us</h2>\r\n<p>Himalayan Wheels is an agency that provides car rental services to the tourists so that they can enjoy the peace and beauty of nature without worrying about the medium of their journey. Here at Himalayan Wheels, our chief focus is your comfort. We always ensure that you reach your desired destinations safely on time and without wasting any extra penny. So why are you waiting? Just call us to book a car to enjoy the mesmerizing beauty of Jaigaon and if you have any queries, please don&#39;t hesitate to contact us.</p>', NULL, NULL, NULL, 0, 0, 0, 0, 0, 0, 0, 0, NULL, NULL, NULL, NULL, 1, '2019-07-16 10:00:52', '2019-07-09 04:47:11', NULL),
(2, 4, 7, '<h2>How to Travel FROM NJP to Lava</h2>\r\n<p>There are limited places in West Bengal where you can enjoy the snowfall and lava is one of them. This magnificent village is located 30 kilometers east of the Kalimpong town in the State of West Bengal. Blessed with rich flora and fauna, Lava becomes one of the most recommended tourist destinations. The village is situated at the altitude of 7100ft and as it is located in the dense forest, it is too quiet and romantic. The journey to Lava is quite scenic as it is surrounded by many alpine trees.</p>\r\n<h2>Reasons to visit Lava</h2>\r\n<p>Lava can be tagged as a tourist\'s paradise as it is full of attractive places. You can fall in love with that village once you visit it. Lava\'s Kagyu Thekchen Ling Monastery is a Buddhist Monastery situated in the lap of Himalaya. Visit the monastery to get spiritually connected to Buddhism. ChangeryFall is situated at a distance of 10 km from magnificent Lava. It is quite popular among tourists for its scenic beauty. Neora Valley National Park is another main attraction of Lava. If you want to enjoy the company of none other than nature, you must visit this park. You can even see many animals such as tigers, red panda, leopard and many more. Tiffin Dara View Point is another famous place for enjoying sunrise and sunset. Now if you are planning to travel from NJP to Lava, you have come in the right place.</p>\r\n<h2>NJP to Lava by Road</h2>\r\n<p>If you are planning to visit Lava by bus, you have to come Siliguri first. Take an auto from NJP and reach P.C Mittal bus stand, from where you can opt for a bus to Lava via Garubathan or Kalimpong. The distance between NJP to Lava is 96 km and buses usually take too much time to reach. Shared Taxis are not available for NJP to Lava. As a result, we always advise you to get a pre-booked taxi from Himalayan Wheels at a cheaper price.</p>\r\n<h2>NJP to Lava by Train</h2>\r\n<p>There is no rail station at Lava. The nearest rail station is Siliguri Junction which is far away from Lava. As you can see, going to Lava by train is completely troublesome. And this is why you should always opt for a pre-booked taxi from a renowned agency like Himalayan Wheels.</p>\r\n<h2>How to Return from Lava</h2>\r\n<p>After enjoying the beauty of Lava, returning from the village is quite troublesome. You can not return by train as Lava has no railway station. Finding a returning bus is quite difficult too. But don\'t worry, we are here to help you from this trouble. Even while you are returning, you can pre-book our car rental service.</p>\r\n<h2>Why You Should Choose Us</h2>\r\n<p>Himalayan Wheels car rental service is your one-stop solution when all others fail to offer safe and convenient. Himalayan Wheels provides a comprehensive range of new and late model vehicles to suit all of your budgets and size requirements. Whether you need something for enjoying the magnificent towns or touring the open roads, Himalayan Wheels has the right vehicle for all your travel needs. Just give us a call to pre-book or Contact us for any further inquiries.</p>', NULL, NULL, NULL, 0, 0, 0, 0, 0, 0, 0, 0, NULL, NULL, NULL, NULL, 1, '2019-07-16 10:01:00', '2019-07-09 05:11:38', NULL),
(3, 4, 8, '<h2>How to Travel from NJP to Mirik</h2>\r\n\r\n<p>Mirik is a small beautiful town located in Darjeeling District of West Bengal. Mirik is a popular tourist destination because of its climate, easy accessibility, and natural environment. The weather of Mirik stays charming all through the years. It never reaches to the point of extreme cold like Darjeeling because Mirik has an average elevation of 1495m. The temperature of the city stays 30-degree Celsius during summer and a minimum of 1 degree Celsius during winter.</p>\r\n\r\n<p>New Jalpaiguri Railway Station or Njp is the main railway station located near Mirik. Njp serves the city Siliguri which is the largest city of North Bengal. It also serves as the entry point of Sikkim, Bhutan, Nepal, and even the northeastern states. As a result, many long-distance trains pass through that station. If you successfully arrive in NJP, there are several options to choose to reach Mirik such as Taxi, bus or by rail.</p>\r\n\r\n<h2>NJP to Mirik by Taxi</h2>\r\n\r\n<p>Mirik is well connected with many cities such as Darjeeling, Siliguri, Karseung by Road. Mirik is located near 52 km (32 mi) northwest of Siliguri city and 49 km (30 mi) south-southwest of Darjeeling town. After arriving at New Jalpaiguri, you will get plenty of options to choose to reach Mirik. There are many private taxis available. Sometimes drivers demand more and their demand increases during the high tourist season. There are many Taxi Rental services available too but we are the only one who offers car rental at a cheap and reasonable price. All you have to do is that just pre-book us before one day of your scheduled journey from NJP to Mirik.</p>\r\n\r\n<h2>NJP to Mirik by Shared Taxi</h2>\r\n\r\n<p>If your plan is to go for a little cheap option, you can take a shared taxi. You can find many shared taxis from Siliguri. But you have to bear troubles if you want to get a shared taxi from Siliguri as you must take an auto to reach there. Shared taxis usually do not start until it is completely full of passengers , thus you have to wait and let other passengers come first. You can feel bored while waiting and that is why we offer a convenient car rental service. Here you don&#39;t have to wait for the car to get fully occupied. Hence, you can comfortably reach your desired destinations. Shared Taxis carry your luggage on the roof-top of the car. But here at Himalayan Wheels, we take care of you including your luggage so that you can travel tension free.</p>\r\n\r\n<h2>Njp to Mirik by Bus</h2>\r\n\r\n<p>Buses are also available to travel to Mirik. You can usually opt for buses from Siliguri. Driving distance from Siliguri to Mirik is 47 km and the approximate journey time is 1 hour and 40 minutes. But if you firmly choose to take a bus from New Jalpaiguri, it will take around 2 hours because the distance between NJP to Mirik is 58 km.</p>\r\n\r\n<p>But getting a bus from NJP is quite problematic. You can&#39;t get a bus every time because they usually run in scheduled timing. Therefore, we are here to help you when you needed us the most. Just pre-book and give us a chance to help you.</p>\r\n\r\n<h2>NJP to Mirik by Air</h2>\r\n\r\n<p>If your plan is to travel Mirik by air, you have to go Bagdogra first. Because, Bagdogra is the nearest airport to Mirik at a distance of 52 km. You can opt for our car rental service to travel to Bagdogra from NJP. And after then, you can travel to Mirik by airplane.</p>\r\n\r\n<h3>Why You Should Choose Us</h3>\r\n\r\n<p>Himalayan Wheels is an agency that provides car rental services to the tourists so that they can enjoy the peace and beauty of nature without worrying about the medium of their journey. Here at Himalayan Wheels, our chief focus is your comfort. We always ensure that you reach your desired destinations safely on time and without wasting any extra penny. So why are you waiting? Just call us to book a car to enjoy the mesmerizing Mirik and if you have any queries, please don&rsquo;t hesitate to contact us.</p>\r\n', NULL, NULL, NULL, 1, 3, 5, 7, 2, 4, 6, 8, NULL, NULL, NULL, NULL, 1, '2019-07-17 13:25:54', '2019-07-09 05:21:28', NULL),
(4, 4, 9, '<h2>How to Travel from NJP to Phuentsholing</h2>\r\n<p>Do you have any plan to travel Bhutan but wondering about its main attractions? Well, you can have a look at Phuentsholing, a fascinating border town in southern Bhutan. The city has a population of only 27658. It means that you can escape from your crowded and bustling lifestyle and take rest in the lap of the mesmerizing beauty of Phuentsholing.</p>\r\n<p>If you have finally made your mind to visit Phuentsholing but don&#39;t know how to reach there, We are here to help you from the beginning of your journey until to your destination.</p>\r\n<h2>Reasons to Visit Phuentsholing</h2>\r\n<p>Unlike other cities in Bhutan, Phuentsholing is the perfect mix of ancient cultures, modern life, and beautiful landscapes. The city is a combination of many different ethnic groups where they live peacefully. Bhutan Gate can be called the prime attraction of Phuentsholing. It is the main gateway to enter Bhutan from India, signifying the traditional Bhutanese architecture. Founded in 1967, Karbandi Monastery is another beautiful place to visit. Its local name is Karbandi Goemba, situated at a height of 400 meters. A beautiful garden is located near the monastery from where you can get a panoramic view of Phuentsholing. AmoChhu Crocodile Breeding Centre is one of the main attractions of Phuensholing. If you were always curious to know about these deadly creatures, you can visit this crocodile breeding farms. There are plenty of other beautiful places too, but now let\'s talk about how you can travel from NJP to Phuentsholing.</p>\r\n<h2>NJP to Phuentsholing by Road</h2>\r\n<p>Bhutan Post usually operates a bus from New Jalpaiguri to Phuentsholing. The journey takes approximately 4 hours 30 minutes depending on the road and traffic conditions. You can even go to Siliguri, from there you can take a bus to Phuentsholing. The Bhutan Government buses also depart from Siliguri Bus Station, situated at Hill Cart Road on a daily basis from around 7.30am and 1.30pm every day. The bus stays full all the time and it is hard to get a seat.</p>\r\n<p>If you need comfort, you can always look for pre-book cars. They offer luxury at a cheap price. Here, at Himalayan Wheels, we offer car rental services that are convenient and do not make a hole in your pocket. All you have to do is that book our service just one day before your scheduled journey from NJP to Phuentsholing.</p>\r\n<h2>NJP to Phuentsholing by Train</h2>\r\n<p>Rail and train services are not available in the city. The nearest rail station is at Hasimara. Youhave to catch a train from NJP to Hasimara and after reaching there, you have to take an auto. The drivers always ask for high fares which are quite problematic for travelers.</p>\r\n<h2>How to Return from Phuentsholing</h2>\r\n<p>Finally, we have guided you to know all the details related to reaching Phuentsholing from New Jalpaiguri. And now maybe you are thinking about the process of returning. Please don&#39;t worry because here at Himalayan Wheels, we always are here to help you out.</p>\r\n<p>During the time of returning, you can take all the above-mentioned medium to return. But if you want to return your home quite comfortably after enjoying the beauty of Phuentsholing, you can opt for our car rental service.</p>\r\n<h2>Why You Should Choose Us</h2>\r\n<p>There are plenty of reasons for which you can choose our car rental service. As we have already mentioned, the process of booking our car rental service is quite easy and hassle-free. All you have to do is just book our car and we will pick and drop you from your desired location. We choose our employees and drivers who are well behaved. Our drivers are quite supportive too. And most importantly, if you have any complaints regarding our services, you are always welcome to contact us as you already know, here at Himalayan Wheels, the customer is our utmost priority.</p>', NULL, NULL, NULL, 0, 0, 0, 0, 0, 0, 0, 0, NULL, NULL, NULL, NULL, 1, '2019-07-16 10:01:16', '2019-07-09 05:33:20', NULL),
(5, 4, 6, '<h2>How to Travel from NJP to Kalimpong</h2>\r\n<p>Have you recently planned to visit Kalimpong? But do you know that Kalimpong is one of the major travel destinations of North Bengal? It is situated at an average elevation of 1250 meters. The town is close to Bhutan-Tibet-Sikkim border on the eastern part of Darjeeling Himalayas. The astonishing and charming weather of Kalimpong attracts tourists to visit the town. Blessed with rich flora and fauna, Kalimpong is the perfect mix of ancient tradition with modern life. Now if your journey starts from NJP to Kalimpong, you have come in the right place as we are going to describe all the transportation options needed to visit Kalimpong.</p>\r\n<h2>Places to Visit in Kalimpong</h2>\r\n<p>Kalimpong is famous for many scenic places and astonishing architectures. Deolo Hill is the highest point of the town at an elevation of 2000 meters which offers a panoramic view of Kalimpong. A beautiful piece of construction wrapped with a legend of being haunted, Morgan house is an excellent example of colonial architecture in Kalimpong. The mansion was constructed on the 1930s by Mr. and Mrs. Morgan but now it is turned into a tourist lodge by West Bengal Tourism Development Corporation. Founded by Dalai Lama in 1976 Jang Dong Palriffo Brang Gompa is the perfect example of the religious belief of Buddhists. There are many other Buddhist monasteries located in Kalimpong, thus making it one of the major hubs for Buddhism followers. Kalimpong is the major flower producing center in India which produces 80% of flowers and then export to other places. Kalimpong&#39;s Cactus Nursery is quite famous among tourists where you can see different types of cactus along with 400 types of orchids. Kalimpong is favouritefor adventure seekers too, as it offers them to do hiking, river rafting, paragliding and many more. For nature lover to the adventure seeker, there is always something to offer for everyone thus making it an ideal place to visit.</p>\r\n<h2>NJP to Kalimpong by Road</h2>\r\n<p>Kalimpong is nicely connected with various places including New Jalpaiguri. From NJP, the distance of Kalimpong is about 73kms by road. If you take a bus, it will take approximately 2.5 hours to reach Kalimpong depending on the traffic and road condition. Buses are usually available from Siliguri&rsquo;s Tenzing Norgay Bus Terminal on Hill Cart Road. And the distance between Siliguri to Kalimpong is 65 km. Shared taxi is available from only Siliguri and you have to get an auto from NJP to reach Siliguri. This could be a journey full of hassles. Please remember it that they will not start unless the car is full of passengers and your luggage is going to be on the roof-top of the car.</p>\r\n<p>Pre-booked Taxi is available from NJP to Kalimpong. They usually charge more from the exact price. We at Himalayan Wheels are the only one which offers car rental service at a convenient price.</p>\r\n<h2>NJP to Kalimpong by Train</h2>\r\n<p>There is no railway station located at Kalimpong. The nearest railway station is Siliguri Junction. As you can see, reaching Kalimpong on the train is impossible. If you want to reach Siliguri from NJP, you can get a train but still, you have to opt for a pre-paid taxi or shared jeeps to reach Kalimpong. The process is quite troublesome thus you recommend you to opt for a pre-booked taxi.</p>\r\n<h2>NJP to Kalimpong by Air</h2>\r\n<p>There is no airport in Kalimpong either. The nearest airport is Bagdogra which is 75 km away from the town. You can opt for a pre-paid or shared taxis to reach Bagdogra from New Jalpaiguri. We also offer car rental service from Bagdogra to Kalimpong. Just pre-book us and reach your desired location quite comfortably and safely.</p>\r\n<p>As you can see, reaching Kalimpong from NJP is full of hassles. Traveling to Kalimpong by air and even by train is completely impossible. The only option to reach there is by a shared taxi or a pre-booked car. You have to sacrifice your comfort for the sake of money if you choose to travel by shared taxi. The good choice is none other than a pre-paid taxi from us. Just book us and enjoy even the journey to magnificent Kalimpong.</p>', NULL, NULL, NULL, 0, 0, 0, 0, 0, 0, 0, 0, NULL, NULL, NULL, NULL, 1, '2019-07-16 10:01:25', '2019-07-09 05:56:40', NULL),
(6, 4, 10, '<h2>How to Travel from NJP to Kolakham</h2>\r\n<p>Nestled in the lap of the evergreen forest of Eastern Himalaya, Kolakham is a small beautiful hamlet located at an altitude of 6500 ft. The place is ideal for every nature lovers who are finding adventure as well as peace. Blessed with rich flora and fauna, this scenic hamlet is located 8km away from Lava and 38 km from Kalimpong. There are many attractive places, many rare species, animals and trees available in Kolakham. Thus, making it a paradise for every traveler. Now if you want to visit this mesmerizing hamlet by traveling from NJP to Kolakham, you have come in the right place. But let us first introduce you to some of the attractive places of Kolakham first.</p>\r\n<h2>Places to Visit in Kolakham</h2>\r\n<p>Neora Valley National Park is the prime attraction of Kolakham. Here you can enjoy the picturesque green forest with a variety of birds and some of the very rare creatures. A jungle safari by a jeep and trekking through the forest can bring you a lot of joy. The trips through the deep jungle, full of tropical forest and most rare birds will make this trip a lifetime memory which you can cherish forever.</p>\r\n<p>Changery Falls is a beautiful waterfall located at Kolakham. After the 3 km drive and 1.5 km of walk, you will finally reach to this mesmerizing fall in the deep forest of Himalaya. The sound of the falling water and the chirping of the birds will take your breath away if you are a pure nature lover.</p>\r\n<p>Lava is just 8 km away from Kolakham which is also an attractive place to visit. Enjoy the beauty of the lava monastery and be amazed by seeing this ancient architecture. Take shelter in the lap of nature by walking on the canopy bridge and come closer to the forest full of flora and fauna.</p>\r\n<p>To hide completely from the word, this place is the ideal one. You can do nothing here and just relax and enjoy the oxygen-rich air by sitting in your resort. Even activities such as hiking, trekking, and rope traversing can also be done here. Therefore, making it an ideal place for peace and adventure seekers.</p>\r\n<p>Now you finally know that Kolakham, even though a small beautiful hamlet, has many attractive things to offer to the tourists. Now if you are in too much hurry to go there, but don\'t yet know how to travel from NJP to Kolakham, let us guide you from first to last.</p>\r\n<h2>NJP to Kolakham by Road</h2>\r\n<p>There is no bus service available from NJP to Kolakham. Even any shared vehicles don\'t run from NJP to Kolakham. As a result, it becomes a huge drawback for someone.</p>\r\n<p>The only option is to hire a vehicle from New Jalpaiguri and Siliguri. While hiring a vehicle, drivers usually ask for high fares for NJP to Kolakham. &nbsp;As a result, those who don&\'t know the exact price can get cheated. To avoid this situation, we always recommend you to opt for a pre-booked car from a trusted agency like Himalayan Wheels.</p>\r\n<h2>NJP to Kolakham by Train</h2>\r\n<p>Kolakham does not have a train station. The nearest station of the hamlet is New Jalpaiguri Junction and the distance between them is approximately 108 km. After reaching NJP, you have to opt for a pre-booked car.</p>\r\n<h2>NJP to Kolakham by Air</h2>\r\n<p>The nearest airport of Kolakham is Bagdogra which is 103 km away from this beautiful town. Bagdogra is nicely connected with many national airports such as Kolkata, Chennai, Mumbai. After reaching Bagdogra, you can free-book a cab from us and we will drop you to Kolakham comfortably.</p>\r\n<h2>How to Return from Kolakham</h2>\r\n<p>You have successfully reached Kolakham, enjoyed the beauty of this astonishing hamlet and now you are worried about your return. Don\'t worry, even we are there to help you. After pre-booking our car rental service, we will drop you to your desired location. And most importantly, our drivers are highly skilled and well behaved which is enough to make your returning journey smooth. So why are you waiting? Make a plan to visit Kolakham and don\'t forget to opt for our highly convenient car rental service.</p>', NULL, NULL, NULL, 0, 0, 0, 0, 0, 0, 0, 0, NULL, NULL, NULL, NULL, 1, '2019-07-16 10:01:33', '2019-07-09 06:08:23', NULL),
(7, 4, 11, '<h2>How to Travel from NJP to Latpanchar</h2>\r\n<p>Situated at an elevation of 550 ft, Latpanchar is a mesmerizing mirror of natural beauty. It is the highest point of Mahananda Wildlife Sanctuary with a magnificent view of the Teesta River and green forests around it. The place is an offbeat destination, but recently gaining popularity among tourists due to the birding activities and a thick air with a fragrance of flowers.</p>\r\n<p>Surrounded by dense mixed wet forest, Latpanchar is a less trodden village with a little population. And it is an ideal place for them who want to escape from the hustle and bustle of city life and want to spend some time close to nature. Now if your plan is to start your journey from NJP, you have come in the bright place as we are going to discuss the possible mediums needed to reach there. But first, let&#39;s talk about the attractive places the hamlet has to offer.</p>\r\n<h2>Places to Offer in Latpanchar</h2>\r\n<p>Alpha Dara View Point is one of the attractive places in Latpanchar. Experience the scenic beauty of surrounding valleys, the peak of Mt. Kanchenjunga and enjoy the scenic view of Teesta River flowing as far as Haldibari.</p>\r\n<p>Latpanchar can be called a bird&#39;s paradise as it is full of various birds. Enjoy the beauty of 240 various species of birds such as Burn Swallow, laughing thirst, Sunbird, Scarlet minivet, Minla, Eagles, Woodpeckers, Kingfisher, Robin, Rufous Necked Hornbill, etc.</p>\r\n<p>Get a chance to see a mysterious reptile named salamander which was even present in dinosaur&#39;s age. Try to look this reptile closely and wonder about what makes them unique.</p>\r\n<p>Namthing Lake is another attractive place in Latpanchar. The atmosphere of the lake is enough to soothe your mind and heart. Surrounded by dense pine trees, this lake is the home of different type of beautiful birds and the mysterious salamanders.</p>\r\n<p>Located about 5 km away from Latpanchar, Ahal Dara View Point is the perfect place to see the sunrise from the snow-capped Mt. Kanchenjunga peak. Be amazed by the enchanting beauty of the surrounding places from there.</p>\r\n<p>Now if you have finally made your mind to visit this mini heaven of Earth, let us describe how to travel from NJP to Latpanchar, NJP to Latpanchar taxi fare first.</p>\r\n<h2>NJP to Latpanchar by Road</h2>\r\n<p>Bus service is not available from NJP to Latpanchar. As a result, one might find it difficult to travel to this particular place. Shared jeeps or taxis are available from Siliguri only. After reaching Siliguri, you have to take a shared taxi to Kalijora. Siliguri to Kalijhora taxi fare is not much but you have to bear a lot of hassles. From Kalijhora, you have to get a shared taxi again to reach Latpanchar.</p>\r\n<p>To travel from NJP to Latpanchar, a private or pre-booked car is the right choice. NJP to Latpanchar car fare is high if you pre-book them. Some of them only go to Kalijhora. From there, you again have to take a car. The journey is quite troublesome but if you opt for our car rental service to travel from NJP to Latpanchar, we will pick you from NJP and will drop you at your desired place in Latpanchar. And the car fare from NJP to Latpanchar is also quite cheap here at Himalayan Wheels.</p>\r\n<h2>NJP to Latpanchar by Train</h2>\r\n<p>You cannot go by train from NJP to Latpanchar as Latpanchar has no railway stations. The nearest railway station of the village is New Jalpaiguri Junction which is approximately 45 km away. This is not good for someone who hates to travel by bus.</p>\r\n<h2>NJP to Latpanchar by Air</h2>\r\n<p>Traveling from NJP to Latpanchar by air is also impossible, as there is no airport in Latpanchar. The nearest airport of the village is Bagdogra and the distance between them is approximately 49 km.</p>\r\n<p>Finally, you have come to know all the details related to traveling to Latpanchar. We have even informed you about the problems you are going to face while traveling. The unavailability of buses or shared taxis is a huge drawback. And that is why to solve your problem we have introduced a car rental service from New Jalpaiguri. All you have to do is that just pre-book our car and we will be there to pick you up.</p>\r\n<p>Returning from Latpanchar is not a problem too. Himalayan Wheels also has a car rental service directly from Latpanchar to NJP. So, why are you waiting? Make a plan to visit this mesmerizing Hamlet soon with your near and dear ones.</p>\r\n', NULL, NULL, NULL, 0, 0, 0, 0, 0, 0, 0, 0, NULL, NULL, NULL, NULL, 1, '2019-07-16 10:01:40', '2019-07-09 06:20:56', NULL),
(8, 4, 12, '<h2>How to travel from NJP to Lolegaon</h2>\r\n<p>If you are finding peace and want to enjoy the breathtaking beauty of nature, you should at least travel once to Lolegaon. It is a magnificent Lepcha hamlet with a population of just 5000 people. At an altitude of 1675 meters, it is located at the extreme end of the Himalayan ridge in the Kalimpong District of West Bengal. It is undoubtedly nature\'s paradise, known for its simplicity and the panoramic view of Mount Kanchenjunga. There are also many attractive places located in Lolegaon, let\'s dive into all of them one by one and later get to know about all the mediums needed to reach there.</p>\r\n<h2>Places to Visit in Lolegaon</h2>\r\n<p>Lolegaon is full of attractive places and Neora Valley Nation Park is one of them. If you are a nature and bird lover, this park is a must-visit destination. Feel the solace of nature and get to know about a cute creature named Red Panda. The park is also a home of various flora and fauna.</p>\r\n<p>Get closer to a Buddhist Monastery and feel the presence of Lord Buddha everywhere at Lava Jamgyong Kongtrul Monastery. Know this oldest Tibetan architecture and get an astonishing panoramic view of the entire village as well as of the mountains.</p>\r\n<p>Experience walking on a 180 meters long wooden tree-top bridge hanging from one tree to another. View the beauty of the forest from a reasonable height and feel the continuous swing of the bridge.</p>\r\n<p>Get the majestic view of Kanchenjunga and Mount Everest from wooden hilltop named Jhandi Dara. Get a chance to experience the most cherished memory of your life by seeing the sunrise over the snow peaked Kanchenjungha.</p>\r\n<h2>NJP to Lolegaon by Road</h2>\r\n<p>Lolegaon is nicely connected with NJP and many other places by road. Private and many government buses are available from Siliguri and the bus will go to your desired location via Kalimpong and lava.</p>\r\n<p>You can book private taxis too from NJP to Lolegaon. Private taxis usually ask for the high price which may be a problem for someone. In this situation, you can book our car rental service. We offer luxury cars and even some comfortable cheaper options so that everyone can enjoy a smooth journey without wasting any extra penny.</p>\r\n<h2>NJP to Lolegaon by Train</h2>\r\n<p>Lolegaon has no specific railway station. The nearest stations of the village are New Jalpaiguri and Siliguri. It makes impossible for a tourist to travel Lolegaon by train. The only option to travel from NJP to Lolegaon is by road and this is why we are offering our cheap and convenient car rental service to you.</p>\r\n<h2>NJP to Lolegaon by Air</h2>\r\n<p>There is no airport at Lolegaon. The nearest one is Bagdogra Airport which is 100 km away from Lolegaon. As we can see travelling from NJP to Lolegaon by air is impossible.</p>\r\n<p>If we summarize all the possible mediums to reach Lolegaon, we will see that the good option is always by road. Lolegaon is nicely connected by road and this is why plenty of options available to travel there. You can get a government bus or even public buses. For a comfortable journey, we recommend you to opt for a pre-paid taxi. Here at Himalayan Wheels, we offer a variety of cars and pre-book the best one you needed.</p>', NULL, NULL, NULL, 0, 0, 0, 0, 0, 0, 0, 0, NULL, NULL, NULL, NULL, 1, '2019-07-16 10:01:50', '2019-07-09 06:29:19', NULL),
(9, 4, 14, '<h2>How to Travel from NJP to Namchi</h2>\r\n<p>Namchi, a beautiful place and the capital district of South Sikkim, is developing rapidly as a tourist spot and a pilgrimage center. The town is located about 78 km away from Gangtok and vastly known for the largest statue of the patron saint of Sikkim, Padmasamvaba. The city is also famous for many Buddhists monasteries and beautiful mountain ranges. As it is a center of many monasteries and religious centers, it attracts many pilgrims offering them to feel the presence of Buddha. Namchi means &#39;top of the sky situated in the elevation of 1675 meters, the name is undoubtedly well justified. Now if you are planning to visit this scenic beauty of Sikkim, let us guide you from the start of your journey from NJP to Namchi.</p>\r\n<h2>Places to Visit at Namchi</h2>\r\n<p>Namchi is blessed with many attractive places and architecture and one of them is SolophokChardham. Get a chance to come closer to one of the mightiest gods of Hindus, Shiva, which is in the shape of an 87 feet long statue. There are twelve Jyotirlingas and the four dhams of pilgrimage surrounded by this astonishing statue. The temple is situated in the Sopholok Hill, from where you can get a magnificent view of the town.</p>\r\n<p>Samdruptse Hill is a quite popular place among tourists. This wish-fulfilling hill is just 5 km away from Namchi, quite popular for the statue of Guru Padmasambhava who was the patron saint of Sikkim. The tall statue is overlooking the whole town. As a result, you can feel the presence of him everywhere. This gold statue even glitters when sunlight falls over it. If you are planning to travel Namchi, this should be in your must-visit list.</p>\r\n<p>The Ralang Monastery of Namchi is famous for his religious value and magnificent architecture. It is the most sacred place of Namchi which is the home of more than 100 monks. Pang Lhabsol, the annual festival of the monastery is celebrated with lighting many lights. Feel the astonishing beauty of these lightings and know the way these monks live their lives. The monastery is truly an epitome of Buddhist culture, thus making it a must-visit place for tourists.</p>\r\n<p>These are some of the attractive places in Namchi. And if you are travelling from NJP to Namchi, let us discuss the mediums it needed to go there.</p>\r\n<h2>NJP to NamchiBy Road</h2>\r\n<p>Namchi is approximately 94 km away from NJP and if your plan is to visit this magnificent town from NJP, you will be disappointed to know that there is no bus available from NJP to Namchi. Even it is hard to get a shared jeep from there. In order to get a shared cab, you have to come to Siliguri first. The chance of getting a shared cab from Siliguri to Namchi is quite less too.</p>\r\n<p>The last option you have in this situation is a private cab. The drivers usually ask for high fares from NJP to Namchi and it is quite troublesome if you don&#39;t know the exact fare. Here at Himalayan wheels, we offer pre-booked cars for travelers. You don\'t have to bear all the hassles, just book us and we will pick you directly from NJP.</p>\r\n<h2>NJP to Namchi by Train</h2>\r\n<p>The nearest Rail Station to Namchi is New Jalpaiguri which is approximately 95 km away from this hill town. As a result, travelling from NJP to Namchi becomes impossible. This could be a huge drawback for someone who prefers a train journey more than any other options.</p>\r\n<h2>NJP to Namchi by Air</h2>\r\n<p>There is no airport located in NJP as well as in Namchi. The nearest airport is Bagdogra, which is approximately 100 km away from Namchi. Thus you can&#39;t travel by air from NJP to Namchi.</p>\r\n<p>The best option to travel from NJP to Namchi is by a pre-booked cab. And the car should be from none other than us. We provide various types of cars so that they can fit in your budget. The drivers we provide are also well experienced. Therefore, you can reach your destinations safely without worrying much.</p>\r\n<p>We also make your returning journey simple. We even provide pre-booked cars from Namchi to NJP. So, why are you waiting?&nbsp;just call us while you have finalized to visit the magnificent Namchi.</p>', NULL, NULL, NULL, 0, 0, 0, 0, 0, 0, 0, 0, NULL, NULL, NULL, NULL, 1, '2019-07-16 10:01:57', '2019-07-09 06:39:20', NULL),
(10, 4, 15, '<h2>How to Travel from NJP to Pelling</h2>\r\n<p>Sikkim has many attractive places to offer for the thirsty nature lovers and Pelling is one of them. It is a small beautiful town, situated amidst the dense forest of pine trees in the West Sikkim. Nestled at an altitude of 2100 meters, it is a blessing of nature. The interest of tourists to visit the town is increasing day by day. As a result, many new hotels are being constructed and new roads are being made too. If you are planning to visit Sikkim from NJP, Pelling should be in your must-visit list.</p>\r\n<h2>Places to Visit in Pelling</h2>\r\n<p>Pelling does not lack any attractive places. There are many scenic places present to attract tourists. Sangachoeling Monastery is the best one where you can come closer to spirituality and get a chance to know Buddhism. This ancient monastery was built in the 17th century where many Buddhists or even many travelers seek blessings. Witness the charm of a breathtaking waterfall names Changery Fall and get amazed by watching it, coming out from a dense forest. The height of the waterfall is 300m and it exactly looks like a white line. Explore the other decade-old monasteries like Pemayangtse Monastery, Dubdi Monastery, and Tashiding Monastery and be amazed by seeing their style of construction. Visit one of the most beautiful waterfalls of Sikkim, Kanchenjunga Fall and explore the astonishing beauty of it. Get closer to nature, by walking on the rocky path leading to the fall. Khecheopalri Lake is a beautiful place where Tranquility And Divinity Blend. A serene and scenic attraction of Pelling, Kechoparli Lake is the prime example where beauty and religious belief meet.</p>\r\n<p>Now maybe you are craving to visit this picturesque town as soon as possible. Please keep patience, as we are now going to discuss the medium needed to go there.</p>\r\n<h2>NJP to Pelling by Road</h2>\r\n<p>The direct bus service is not available from NJP to Pelling and this could be a problem for someone who prefers the bus instead of cab or taxi. The shared vehicle is not available too. As a result, you have to come to Siliguri first then to Jorethang and from there you have to go to Pelling by care. The journey is full of hassles and one might get exhausted. And that is why with Himalayan Wheels car rental service, you can easily rent a car from NJP to Pelling at a reasonable price.</p>\r\n<h2>NJP to Pelling by Train</h2>\r\n<p>Pelling does not lack any beautiful places but a rail station. The nearest rail station in this town is New Jalpaiguri Junction at a distance of 137 km. As you can see, traveling from NJP to Pelling by train is impossible. This can be a huge drawback for someone who always prefers the train journey.</p>\r\n<h2>NJP to Pelling by Air</h2>\r\n<p>The nearest airport of Pelling is Bagdogra and the distance between Bagdogra to Pelling is approximately 140 km. Due to the lack of an airport, Pelling can&#39;t be reached by air.</p>\r\n<p>As you can see, visiting this magnificent town of West Sikkim is not an easy job. You have to bear all the troubles in order to enjoy the beauty of nature it offers. Whether you try to visit it by road, by air or by train, the journey is not going to be smooth. And this is why we are offering a convenient car rental service to you from NJP to Pelling. The process of booking our car is completely hassle-free and we are just one phone call away from you. You can even pre-book our car while returning and we assure you that your journey with us will be safe and comfortable.</p>', NULL, NULL, NULL, 0, 0, 0, 0, 0, 0, 0, 0, NULL, NULL, NULL, NULL, 1, '2019-07-16 10:02:07', '2019-07-09 06:54:30', NULL),
(11, 4, 16, '<h2>How to Travel From NJP to Ravangla</h2>\r\n<p>South Sikkim has many attractive towns to offer to the tourists and Ravangla is one of them. Located at the elevation of 8000 ft, it offers an astonishing view of Mt. Kanchenjunga, Mt. Pandim, Mt. Sinialchu and Mt. Kabru. The city is also known for thousands of attractive flowers which usually blossom in the month of April and May. Now if you are planning to from NJP to Ravangla there to spend some days, let\'s know about some attractive places the town has.</p>\r\n<h2>Places to Visit in Ravangla</h2>\r\n<p>Buddha Park is a relatively new construction in Ravangla. The construction work completely finished in 2013 but it is now already the main attraction of Ravangla. The statue is 130 ft tall which is enough to amaze every tourist. The park is huge and peaceful. One can discover the inner peace here and the view of the surrounding is quite breathtaking too.</p>\r\n<p>Sikkim has many beautiful monasteries to offer for pilgrims and tourists.</p>\r\n<p>Palchen Choeling Monastic Institute is one of them which is a home of 5000 Buddhist monks. Built-in 1955, this ancient monastery is the symbol of ancient architecture. You can visit the monastery and can learn the way the monks live there.</p>\r\n<p>Doling Gompa is another ancient monastery founded in 1718. It has a special spiritual significance. According to a religious belief, the rock in front of the Gompa holds the footprint of the horse of local Guardian deity and Dorjelingpa. According to a legend, descendants of Lama Rigdzin take care of the monastery and its surrounding grounds.</p>\r\n<p>Rayong sunrise viewpoint is another attractive place. From here, you can view a breathtaking sunrise from the Cholamountains. At an elevation of 6700 feet, you can get a panoramic view of Ravangla and its neighboring mountains. And we know you can&rsquo;t deny visiting the place after hearing it.</p>\r\n<p>The town has many other attractive places to offer too. But now let&#39;s talk about the medium it needed to travel from NJP to Ravangla.</p>\r\n<h2>NJP to Ravangla by Road</h2>\r\n<p>There are no buses available from NJP to Ravangla. As a result, you have to find other options like a private car or shared taxis. During your journey from NJP to Ravangla, you have to come to Siliguri first to get a shared jeep. Shared Jeeps are usually available at beside Tenzing Norgay Bus Stations. But one problem of taking a shared cab is that it stops at Namchi Bazar due to permit issues. From Namchi Bazar, you have to take a cab to finally reach Ravangla. The journey is a complete tiresome for everyone.</p>\r\n<h2>NJP to Ravangla by Train</h2>\r\n<p>Travelling from NJP to Ravangla is impossible as there is no railway station in Ravangla. New Jalpaiguri Station itself is the nearest railway station of Ravangla. The distance between them is approximately 121 km. This can be problematic for someone who can\'t bear a journey by bus.</p>\r\n<h2>NJP to Ravangla by Air</h2>\r\n<p>Ravangla does not have an airport either. The nearest airport Bagdogra is at a distance of approximately 135 km. It is a four hours journey by car from Bagdogra to Ravangla.</p>\r\n<p>As you can see, travelling from NJP to Ravangla is full of hassles. To rescue you from this situation, Himalayan Wheels is offering a car rental service. Here you can pre-book a cab to directly travel from NJP to Ravangla. Returning process is also quite easy. You can now also pre-book us while returning after enjoying every bit of this beautiful city.</p>\r\n', NULL, NULL, NULL, 0, 0, 0, 0, 0, 0, 0, 0, NULL, NULL, NULL, NULL, 1, '2019-07-16 10:02:24', '2019-07-09 07:02:39', NULL),
(12, 4, 17, '<h2>How to travel from NJP to Sittong</h2>\r\n<p>You may be heard about the beauty of Kurseung or Darjeeling. Maybe you would have been there already. But have you heard about Sittong? A scenic Hamlet which is full of serenity and charm.It is just as beautiful as Darjeeling or Kerseung. It is a wonderland nestled in the lap of mountains with just about 33 km distance from Darjeeling. The village is also known as the Orange village and this offbeat destination with its tea gardens, snow-covered peaks, toy trains, and ancient architectures will surely soothe your mind and give a lifetime memory to cherish for.</p>\r\n<p>Now if you are planning to visit this astonishing hamlet but don\'t yet know how to reach there, we are here to help you out. But first, have a look at the attractive places Sittong can offer to the thirsty travelers.</p>\r\n<h2>Places to visit at Sittong</h2>\r\n<p>Sittong has many attractive places to offer to travelers and the other name of it is &quot;The orange village&quot;. please your eyes by seeing many orange trees full of oranges during winter. A church, at first built with bamboo, now turned into a brick and mortar building, can fill your mind with happiness and peace. The beautiful view of the surrounding hills from there is worth mentioning.</p>\r\n<p>Feel the presence of Buddha even in the monastery constructed with bamboo and mud. The scenic view of Kanchenjungha from this monastery is a bonus for tourists. Get to know more about Mangpoo, which is just 8km away from Sittong and know why it was praised by our famous poet Rabindranath Tagore. Enjoy watching various birds and butterflies in Mahananda Wildlife Sanctuary. Get a chance to know more about the villagers, their lifestyle and how they enjoy their life in a simple manner.</p>\r\n<h3>NJP to Sittong by Road</h3>\r\n<p>The distance between NJP and Sittong is just 31.7 km. There is no bus available from NJP to Sittong. Till now there is even no shared jeep or taxi available directly from NJP to Sittong. You have to take a shared jeep or taxi to Kurseung first after then, take a taxi to reach Sittong. This process is full of hassles and takes too much time. It is enough to kill your enjoyment of visiting Sittong.</p>\r\n<h2>NJP to Sittong by train</h2>\r\n<p>In Sittong, there is no railway station. NJP is the nearest railway station of Sittong. As a result, you can&#39;t go there by train. It is quite problematic because many people usually prefer to travel by train instead of bus.</p>\r\n<h2>NJP to Sittong by Air</h2>\r\n<p>If you are planning to go to Sittong by aeroplane, you will be highly disappointed to know that it has no airport either. The nearest airport in the village is Bagdogra which is around 34 km away from Sittong. But if you are planning to visit Sittong by road, you can still opt for our car rental service as we also offer pre-booked car from Bagdogra to Sittong.</p>\r\n<p>In this situation, the best option is to take a reserved car. But again while you seek for reserved car, drivers can ask for the high fare and this could be quite tiresome to bargain with the drivers. As a result, to rescue you from this situation, we have opened a car rental service directly from NJP to Sittong. Just call us one day before your scheduled journey and we will pick and drop you to your desired destination.</p>', NULL, NULL, NULL, 0, 0, 0, 0, 0, 0, 0, 0, NULL, NULL, NULL, NULL, 1, '2019-07-16 10:02:17', '2019-07-09 07:11:30', NULL);
INSERT INTO `rent_list` (`rent_id`, `rent_spoint`, `rent_epoint`, `rent_description`, `rent_metatitle`, `rent_metadescription`, `rent_metakeywords`, `rent_hatchback_price_nonac`, `rent_sedan_price_nonac`, `rent_standard_price_nonac`, `rent_luxury_price_nonac`, `rent_hatchback_price_ac`, `rent_sedan_price_ac`, `rent_standard_price_ac`, `rent_luxury_price_ac`, `rent_social_metatitle`, `rent_social_metadesc`, `rent_fb_img`, `rent_twiter_img`, `rent_status`, `rent_update_at`, `rent_create_at`, `rent_delete_at`) VALUES
(13, 4, 18, '<h2>How to travel from NJP to Rishop</h2>\r\n<p>Rishop, also known as Rishyap or Risop, is a small touristy village amidst lava and Lolegaon. Situated at an elevation of 2951 meters, Rishop is a blessing for adventure seekers as well as for nature lovers. This beautiful hamlet is 32 km away from Kalimpong and just 9 km road distance away from Lava. The village is too calm and far away from city crowds. The rays of the sun, clouds, mesmerizing Himalaya and dense forests create a magical atmosphere in the village. At night, the sky looks completely different, where stars are twinkling, the beautiful lights which come from Gangtok and Pedong bellow are visible from this village. Nathu La pass and Jalep La pass are also partially visible in a distant horizon from Rishop. Altogether, Rishop offers a scenic and astonishing beauty of nature to the travelers. And if you want to travel from NJP to Rishop, we are going to describe all the possible methods to reach there.</p>\r\n<p>Blessed with rich flora and fauna, this newly discovered travel destination is surrounded with pine, birch, rhododendrons and orchid&#39;s forests. One can find inner peace and can get a breathtaking view of snow-peaked mountains. Now let&#39;s have a look at some of the attractive places Rishop has to offer.</p>\r\n<h2>Attractive Places in Rishop</h2>\r\n<p>Tiffandra viewpoint is a renowned place in Rishop. It is a viewpoint to watch the breathtaking view of Sunrise and Sunset. This is the perfect place to see the snowcapped mountains of Himalaya and surrounding valleys.</p>\r\n<p>Shiva Buddha Temple is the most unique and attractive places in Rishop. It is a temple or you can say a monastery, where two religions meet. After climbing up to the red staircase, you will finally witness a view of two different gods of two different religions are mounted side by side.</p>\r\n<p>Just 4 km away from Rishop, kolakham is an attractive village with many attractive places. Witness the breathtaking view of changery fall, the sweet sound of the falling water, and the mesmerizing view of the surrounding rocks, which are capable to soothe your mind.</p>\r\n<p>At a distance of 11 km from Rishop, lava is also a village full of attractive places. Lava Monastery is the prime example of Lava&#39;s attraction. This monastery was built in 1871 and the habitant of more than 110 monks. If you are curious enough to know the lifestyle and culture of these monks, you can surely visit this monastery.</p>\r\n<p>Now we finally know some of the fascinating places in Rishop. Let us talk about the transportation system needed from NJP to Rishop.</p>\r\n<h2>NJP to Rishop by Road</h2>\r\n<p>From New Jalpaiguri Rishop is at a distance of 110 km via Kalimpong and 120 km away via Gorubathan. There are no buses available from NJP to Rishop. Government or public buses don&#39;t even run from Siliguri to Rishop. As a result, those, who want to save some money, can&#39;t get the service.</p>\r\n<p>Shared jeeps are not available either. Therefore the only option is that you take a private or pre-booked car to travel from NJP to Rishop. It usually takes more than 3 hours to reach Rishop. You can even opt for a car from NJP to Kalimpong and after then take another vehicle to reach Rishop. As you can see, you have to change many vehicles to finally reach Rishop and the journey could be quite tiresome for someone.</p>\r\n<h3>NJP to Rishop by Train</h3>\r\n<p>Rishop has no specific railway station. The nearest rail station of this hamlet is New Jalpaiguri Junction. The distance between them is approximately 107km. NJP is well connected with many other big cities. After reaching NJP by train, you can opt for a car rental service provider such as Himalayan Wheels to directly travel from NJP to Rishop.</p>\r\n<h2>NJP to Rishop by Air</h2>\r\n<p>The nearest airport of this beautiful hamlet is Bagdogra. At a distance of 120km from Rishop, Bagdogra Airport is nicely connected with many other states. After reaching Bagdogra, there are plenty of taxis available to reach Rishop. Drivers usually ask for the high fare and they will not give you any scope to negotiate the price.</p>\r\n<p>Therefore the best option is to opt for Himalayan Wheels car rental service. Our price of the car is within your budget and we always provide an experienced driver so that your journey becomes smooth.</p>\r\n<h2>How to Return from Rishop</h2>\r\n<p>Returning is not a headache either. We also offer car rental services from Rishop to NJP. Just call us after enjoying the fascinating Rishop and we will pick and drop you to your desired location.</p>\r\n', NULL, 'Do you need any information about travelling from NJP to Rishop? Here in this article we have discussed all the possible ways to reach Rishop from NJP.', NULL, 0, 0, 0, 0, 0, 0, 0, 0, NULL, NULL, NULL, NULL, 1, '2019-07-16 10:02:33', '2019-07-09 08:36:40', NULL),
(14, 4, 19, '<h2>How to travel from NJP to Jhalong</h2>\r\n\r\n<p>There are a lot of attractive places in Dooars and Jhalong is one of them. Just 99 km away from Siliguri, this beautiful hamlet is a lesser-trodden offbeat wonder of Dooars, situated in the Kalimpong District of West Bengal. Nestled on the bank of Eastern Himalaya on the bank of the Jaldhaka River, this hamlet is ideal for all the adventure seekers and tourists because of its astonishing beauty and mesmerizing travel destinations. Now if your plan is to travel from NJP to Jhalong but knows nothing about how to reach there, we are here to guide you from first to last. But first, let&#39;s talk about some of the attractive places in Jhalong.</p>\r\n\r\n<h2>Places to Visit in Jhalong</h2>\r\n\r\n<p>Jaldhaka Hydel Project on the Jaldhaka River is one of the major attractions of Jhalong. This hydroelectric project is the first of its kind where the tourist has permission to visit the dam. As the dam is close to the Bhutan border, it acts as a bridge to connect India and Bhutan. You even get a mesmerizing view of mountains and a lot of birds can also be seen flying above the dam.</p>\r\n\r\n<p>Bindu Dam is another attractive place in Jhalong. It was built to operate water supply to Jaldhaka Hydel Project. Situated just 8 km away from Jhalong, Bindu Dam also offers an astonishing view of snow-peaked mountains. Various beautiful birds can also be seen from here.</p>\r\n\r\n<h2>NJP to Jhalong by Road</h2>\r\n\r\n<p>In order to travel from NJP to Jhalong, you have to come to Siliguri first by taking an auto. From there, North Bengal State Transport Corporation Buses, Bhutan Govt. Buses, Mini Buses, Assam Transport Corporation Buses, Private Buses, and Taxi usually run from Siliguri to Jhalong. And it usually takes two and a half hours to reach Jhalong.</p>\r\n\r\n<p>Shared taxi or car is not available from NJP to Jhalong as it is an offbeat destination. Although you can hire a car from NJP to Jhalong, drivers usually ask for high fares and it will be hard for you to negotiate the price.</p>\r\n\r\n<h2>NJP to Jhalong by Train</h2>\r\n\r\n<p>The nearest rail station of Jhalong is New Malbazar Junction at a distance of 26 km. This rail station is nicely connected with New Jalpaiguri Junction and New Jalpaiguri is connected with various major cities of India. After travelling from NJP to Jhalong, you have to again opt for a taxi to finally reach in Jhalong. With your heavy luggage, it is hard to change vehicles.</p>\r\n\r\n<h2>NJP to Jhalong by Air</h2>\r\n\r\n<p>Jhalong does not have an airport and the nearest one is Bagdogra at a distance of 104 km. This airport is nicely connected with various major airports of the country. As a result, after landing at Bagdogra you have to hire a taxi to Jhalong. Here arises a problem too. As they ask for high fare it could be a little problematic to you.</p>\r\n\r\n<p>To sum it up, the journey from NJP to Jhalong is not smooth as you might have been thought earlier. While traveling on the bus, you have to change many vehicles with your heavy luggage and even when you opt for the train, the journey is again not smooth. Therefore, to solve your problems, here at Himalayan Wheels, we offer a car rental service for you directly from NJP to Jhalong. The cars are quite good for travel and fit everyone&rsquo;s budget. And most importantly, you can even return with us.</p>\r\n', NULL, 'Here in this article we have given a complete guide to travel from NJP to Jhalong. Just click the link to  know more about it.', NULL, 10, 20, 30, 40, 50, 60, 70, 80, NULL, NULL, NULL, NULL, 1, '2019-07-24 11:59:13', '2019-07-11 11:31:51', NULL),
(15, 4, 20, '<h2>How to Travel from NJP to Lataguri</h2>\r\n<p>If you think that Jalpaiguri has nothing to offer for tourists, you may have not heard about Latarguri then. It is a small town, situated in the Jalpaiguri district of West Bengal. Located on the outskirt of Gorumara national park, Lataguri is the perfect combination of attractive places with dense forests. Gorumara National Park, Chapramari National park and Buxa Tiger Reserves add more charms to these towns. Now if you are planning to reach this charming town from NJP to Gorumara, let us describe the attractive places in Lataguri first.</p>\r\n<h2>Places to Visit in Lataguri</h2>\r\n<p>Gorumara National Park is one of the attractive places in Lataguri. Spread over an area of 80 sq km, the place is mostly famous for its rich flora and fauna, especially for Asiatic one-horned rhino. The park is also popular for other mammals, insects, reptiles and birds, such as royal Bengal tigers, Indian hornbills, and mighty Asian elephants, Indian Wild Dogs, Giant Squirrels, Wild boars, deer, cobra, python, woodpeckers and many other animals. Because of its attractiveness and variety of wildlife, Gorumara National Park has already become a must-visit place for tourists.</p>\r\n<p>Chapramari Wildlife Sanctuary is another touristy place. Located at a distance of about 20 km from the Gorumara National Park, this Wildlife Sanctuary is another prime example of nature&rsquo;s excellence. Nestled in the backdrop of Kanchenjunga and other Himalayan peaks, one can see many wild animals like elephants, gaur, leopards, deer, etc.</p>\r\n<p>The bank of the Murti River is also a fascinating place to visit in Lataguri. The jaw-dropping view of the surrounding places and many thirty wild animals are coming to fulfill their thirst makes the river a must-visit place for travelers.</p>\r\n<p>There are limited tigers alive in this world. And in order to save them, Buxa Tiger Reserve gives shelter to this amazing animal. You can see plenty of other animals such as elephants, bison, sambar, barking hog, deer, wild boars, wild buffaloes, and leopards.</p>\r\n<h2>NJP to Lataguri by Road</h2>\r\n<p>The bus service is not available from NJP to Lataguri. As a result, you first have to come to Siliguri. You can get a bus from PC Mittal Bus Stand which will run via Sevoke Road. Alternatively, you can opt for a bus from Tenzing Norgay Bus Terminal. The buses from this terminal usually run to Siliguri and after then you have to change the bus to reach Lataguri.</p>\r\n<p>The distance between NJP to Gorumara is approximately 28 km and it usually takes 2 hours to reach depending on the road conditions. Shared jeep or taxi is not available from NJP to Gorumara. But a pre-booked car is available from NJP to Gorumara.</p>\r\n<h2>NJP to Lataguri by Train</h2>\r\n<p>Lataguri does not have any specific Railway Station. New Jalpaiguri itself is the nearest railway station of this town. As a result, one can&rsquo;t visit this town by train. After reaching New Jalpaiguri junction, you can book a pre-booked car from Himalayan Wheels to safely travel from NJP to Lataguri.</p>\r\n<h2>NJP to Lataguri by Air</h2>\r\n<p>Lataguri does not have an airport and the nearest airport of the town is Bagdogra. Visiting the town by air is impossible but after reaching Bagdogra you take our pre-booked car to directly travel from Bagdogra to Lataguri.</p>\r\n<p>As you can see, traveling to Lataguri from NJP is little troublesome while you take a bus. Pre-paid taxis also charge for more if the drivers find you as a newcomer. We, at Himalayan Wheels, offer the best car fare from NJP to Lataguri. Here you don\'t have to change any vehicles to travel from NJP to Gorumara. Just a phone call and we are here to help you and if you have any inquiries related to car fare and cars, you are welcome to contact us.</p>', NULL, 'Lataguri has many attractive places to visit. And in this article we have discussed about some attractive places of Lataguri, how to travel from NJP to Lataguri and many more.', NULL, 0, 0, 0, 0, 0, 0, 0, 0, NULL, NULL, NULL, NULL, 1, '2019-07-16 10:02:49', '2019-07-11 11:36:35', NULL),
(16, 4, 21, '<h2>How to Travel from NJP to Murti</h2>\r\n<p>Have a plan to visit Gorumara but don\'t know about Murti yet? Well, Murti is a little place situated between the Chapramari Forest and Gourumara National Park. Situated along the bank of the River Murti, Murti as a place is a scenic beauty of Earth. The surrounding places like Gorumara National Park and Capramari Wildlife Sanctuary are worth to visit while staying in Murti. The glittering flow of the Murti River and the astonishing scenic landscape has made this place a must-visit place in Dooars. Now if your journey starts from NJP to Murti, you have come in the right place. But first, have a look at some of the attractive places located in Murti.</p>\r\n<h2>Places to Visit in Murti</h2>\r\n<p>The Murti River itself is one of the attractive places in Murti. Enjoy the astonishing beauty of surrounding places of the river and feel the calmness of its bank. Take a bath in the river and get refreshed from all the troubles of your life. Even, enjoy the jaw-dropping view of the wild animals which usually come to drink water here.</p>\r\n<p>Visit Gorumara National Park and witness some of the unique wild animals like One-horned Rhinoceros, Royan Bengal Tiger, Asian Elephants and many more. Take a jeep safari to go deep to the forest and come closer to these wild animals.</p>\r\n<p>Visit the nearest Chapramari Wildlife Sanctuary which is another touristy place. Located at a distance of about 20 km from the Gorumara National Park, get a chance to see some wild animals like elephants, gaur, leopards, deer, etc. An astonishing view of Mounts in the backdrop is a bonus from here.</p>\r\n<h2>NJP to Murti by Road</h2>\r\n<p>Bus services are not available directly from NJP to Murti. From NJP you have to come in Siliguri&rsquo;s PC Mittal Bus Stand on Sevoke Road. From here the buses usually leave for Malbazar and Chalsa. Get a Chalsa bus and after reaching Chalsa, get another bus to finally reach Murti. The process of traveling from NJP to Murti is full of hassles and you can get tired easily due to the intense journey.</p>\r\n<p>Shared taxi is not available from NJP to Murti. But you can get pre-paid taxis after reaching New Jalpaiguri. Drivers usually ask for more Taxi fare if they find you like someone who does not know the exact taxi fare from New Jalpaiguri to Murti.</p>\r\n<h2>NJP to Murti by Train</h2>\r\n<p>Travelling directly from NJP to Murti is not possible as this little village does not have any railway station. The nearest railway station of Murti is Chalsa and this station is nicely connected with NJP. So, in order to travel from New Jalpaiguri to Murti, you can get a train from New Jalpaiguri to Chalsa first. And after reaching Chalsa, get a taxi to finally reach Murti. Once again, the journey is quite troublesome and you have to change a lot of vehicles to travel from New Jalpaiguri to Murti.</p>\r\n<h2>NJP to Murti by Air</h2>\r\n<p>Murti does not have any specific airport and Bagdogra is the nearest airport of Murti. Bagdogra is nicely connected to the major cities of India. Therefore, it will not be a problem to hire a car from Bagdogra to Murti.</p>\r\n<h2>How to Return from Murti</h2>\r\n<p>After spending some days in Murti and taking shelter in the lap of nature, it is the time to reach home. The returning process is as problematic as traveling to Murti.</p>\r\n<p>As you can see, travelling from NJP to Murti is full of troubles if you do not choose the medium wisely. Bus services are not that great and even drivers ask for more car fare while hiring a taxi. In this situation, the best option is to take a pre-booked car from Himalayan Wheels. Customer is our first priority and most importantly we don\'t ask for high car fares to travel from New Jalpaiguri to Murti. Pre-booking procedure is also simple, just one phone call and your job is done.</p>\r\n', NULL, 'Here in this article, we have discussed about how you can travel from NJP to Murti and the best convenient way to reach there comfortably.', NULL, 0, 0, 0, 0, 0, 0, 0, 0, NULL, NULL, NULL, NULL, 1, '2019-07-16 10:02:56', '2019-07-11 11:41:46', NULL),
(17, 4, 22, '<h2>How to Travel from NJP to Samsing</h2>\r\n<p>Situated at an elevation of 3000 ft, Samsing is a small touristy village located in the foothills of Eastern Himalaya of the Dooars region. After driving through some of the most beautiful tea gardens and valleys, one can finally reach Samsing. The magnificent mountains in the backdrop, vast stretches of green fields, dense forest and a bunch of attractive places attract a lot of tourists to visit this picturesque hamlet. Now, if you are one of them who got attracted and want to spend some peaceful days in the lap of nature, and even want to know how to travel from NJP to Samsing, you have come in a right place. But first, let us showcase some of the attractive places in Samsing.</p>\r\n<h2>Places to Visit in Samsing</h2>\r\n<p>Neora Valley National Park is the main attraction of tourists in Samsing. Blessed with rich flora and fauna, Neora Valley National Park is famous for many rare species and Red Panda is one of them.</p>\r\n<p>Just 2km away from Samsing, Rocky Island is also a touristy place. Located on the bank of the Murti River, Rocky Island is an attractive place. The place is full of scenic beauty and many big rocks scattered here and there add more charm to the place. You can even get a breathtaking view of the Himalayan range from a place named Tree Fern Point.</p>\r\n<p>Shasmahal is a nearby village of Samsing where you can see many orange orchards. The village completely changes its color into orange during the orange season. The beauty of the surrounding places of the village is worth mentioning too.</p>\r\n<p>Faribasti is another nearby place to Samsing. It is a village with not more than 50 households and you can get an intense panoramic view of the entire Dooars region from here. Every household has beautiful flower gardens, therefore, making the village too attractive to the tourists.</p>\r\n<h2>NJP to Samsing by Road</h2>\r\n<p>Bus services are not directly available from NJP to Samsing. In order to get a bus, take an auto from NJP to reach PC Mittal Bus Stand. After arriving PC Mittal Bus Stand, get a bus to Samsing. Traveling from New Jalpaiguri to Samsing by Bus is a headache as you have to change more than two vehicles during your journey.</p>\r\n<p>Shared taxis or cars are not available from NJP to Samsing. If you prefer comfort, you can opt for a pre-booked taxi from New Jalpaiguri or even from Siliguri. The distance between Siliguri to Samsing is 84 km and it usually takes 3 hours to reach Samsing depending on the road condition. We always prefer you to get a pre-booked car from Himalayan Wheels.</p>\r\n<h2>NJP to Samsing by Train</h2>\r\n<p>At a distance of 23 km, Chalsa is the nearest railway station of Samsing. The station is nicely connected to NJP. So, you can easily travel from NJP to Chalsa by train. After reaching Chalsa, again you have to opt for a car to finally reach Samsing. Therefore, as you can see, a train journey from NJP to Samsing is also quite problematic like the journey by road.</p>\r\n<h2>NJP to Samsing by Air</h2>\r\n<p>Bagdogra is the nearest airport of Samsing with a distance of 95 km. This particular airport has a connection with several other major cities. So, after reaching Bagdogra, you can hire a taxi to Samsing.</p>\r\n<h2>How to Return from Samsing</h2>\r\n<p>After enjoying the beauty of Samsing, people usually stay worried about the return. But now you don&#39;t have to be worried, Himalayan Wheels offers a pick and drop pre-booked car rental service even when you are returning.</p>\r\n<p>Finally, you have come to know all the options you can take while travelling from New Jalpaiguri to Samsing. But among all of them, pre-paid cars from Himalayan Wheels should be your first choice. Here at Himalayan Wheels, get the best car at a reasonable price, get the best driver who is calm and polite and most importantly get the most convenient journey. So why are you waiting? Just try us once and feel the difference.</p>\r\n', NULL, 'Here in this article we have discussed about Samsing, places to visit in Samsing and how to travel from NJP to Samsing by road, by air or even by train.', NULL, 0, 0, 0, 0, 0, 0, 0, 0, NULL, NULL, NULL, NULL, 1, '2019-07-16 10:03:05', '2019-07-11 11:46:13', NULL),
(18, 4, 23, '<h2>How to Travel from NJP to Suntalekhola</h2>\r\n<p>You may have heard about Samsing and many attractive places it offers to the tourists. But here let&#39;s talk about Suntalekhola, a picturesque hamlet in the Kalimpong District of West Bengal. Located at an altitude of 650 to 950 meters, the name of this beautiful hamlet comes from a small stream named SuntaleyKhola. Surrounded by a dense forest, the green patch on the left side of the way to Suntalekhola is mesmerizing and you can see various birds and butterflies. If you are planning to travel from NJP to Suntalekhola to enjoy this scenic beauty, let us describe some of the attractive places in Suntalekhola first.</p>\r\n<h2>Places to Visit in Suntalekhola</h2>\r\n<p>Suntalekhola and its nearby places have many attractive things to offer to the tourists. Get a chance to walk on the Hanging Bridge in Suntalekhola and enjoy the beauty of surrounding tress while walking. Spend some time on the Hanging Bridge and pleasure your eyes by watching the beautiful river flowing under the bridge.</p>\r\n<p>Faribasti is a nearby village of Suntalekhola. It is a beautiful hamlet with just 50 households. You will get amazed by seeing that all the houses are well maintained and every house has a beautiful flower garden.</p>\r\n<p>At a distance of just 5km from Suntalekhola, Samsing is another picturesque village. Samsing Neora Valley National Park is the most popular one among tourists. Blessed with rich flora and fauna, Neora Valley is quite popular for Red Panda. Samsing View Point is another attractive place where you can get a mesmerizing view of the river Murti and its surrounding places.</p>\r\n<p>Rocky Island is another attractive place located just 3 km away from Samsing. The place is beautiful and you can see many big rocks here and there. There is a place named Tree Fern Point from where you can get a breathtaking view of Himalayan Range.</p>\r\n<h2>NJP to Suntalekhola by Road</h2>\r\n<p>To travel from NJP to Suntalekhola, get an auto or taxi to reach PC Mittal Bus Stand in Siliguri. You can take a bus which is going to Malbazar and Samsing. After reaching Malbazar or Samsing, you have to take a shared taxi to finally reach Suntalekhola. During your journey, you have to change a lot of vehicles to finally reach Suntalekhola and this is quite problematic for everyone.</p>\r\n<p>Usually, private taxis are available directly from NJP to Suntalekhola. Car fare is usually high when you hire a car and you have to be conscious of the driver you choose.</p>\r\n<h2>NJP toSuntalekhola by Train</h2>\r\n<p>You can&rsquo;t travel directly from New Jalpaiguri to Suntalekhola by train as Suntalekhola has no railway station. The nearby station is Chalsa Railway Station and therefore, you have to board a train from NJP to Chalsa first. After reaching Chalsa, get a car to finally reach Suntalekholoa. As you can see, travelling by train from New Jalpaiguri to Suntalekhola is not smooth.</p>\r\n<h2>NJP to Suntalekhola by Air</h2>\r\n<p>Located at a distance from 98 km, Bagdogra is the nearest airport of Suntalekhola. Bagdogra is well connected with various cities and you can get a pre-booked taxi from Himalayan Wheels to reach Suntalekhola.</p>\r\n<p>We finally know that enjoying the beauty of Suntalekhola is not everyone&#39;s cup of tea as reaching Suntalekhola is quite difficult. You have to change many vehicles in order to reach there. And this is why to rescue you from this trouble, Himalayan Wheels is offering a car rental service at a reasonable price. The booking process is completely hassle-free as you have just to make a call. We also have made your returning process simple, you can pre-book us even when returning. So why are you waiting? Don&#39;t forget to book us when you are traveling.</p>\r\n', NULL, 'If you had a question on how to travel from NJP to Suntalekhola, here you will know how to go there by road, by train or by air. Just click the link.', NULL, 0, 0, 0, 0, 0, 0, 0, 0, NULL, NULL, NULL, NULL, 1, '2019-07-16 10:03:14', '2019-07-11 11:50:05', NULL),
(19, 4, 24, '<h2>How to travel form NJP to Bindu</h2>\r\n<p>In Dooars, there are plenty of offbeat destinations and Bindu is undoubtedly one of them. A small village at an altitude of 600 meters, on the Indo-Bhutan border, this beautiful hamlet is famous for cardamom plantation, mesmerizing nature, and river Jaldhaka. Bindu is beautifully located in the Kalimpong District among the high Himalayan Mountains and the Jaldhaka River flowing through the valley which makes a natural border between India and Bhutan. Sited on the foothills of Himalaya, Bindu is undoubtedly a mesmerizing place to enjoy natural beauty. Now if you want to enjoy every Bindu has to offer but don&#39;t know how to reach there from NJP to Bindu, let us guide you. But first, know some of the reasons for what you should visit Bindu.</p>\r\n<h2>Places to Visit in Bindu</h2>\r\n<p>Bindu Dam is one of the attractive places in Bindu. It was built on the Jaldhaka River to supply water to Jaldhaka Hydel Project. This Dam is a habitant of many beautiful birds and therefore it is a paradise for nature lovers.</p>\r\n<p>Jaldhaka Hydel project is the first of its kind in entire India where tourists have permission to closely see the dam. During the season of winter, it also attracts various birds from various places thus making it a must-visit place for bird enthusiasts. The dam even works as a bridge between India and Bhutan.</p>\r\n<p>The Godak Village is a must-visit place near Bindu. Just 15 km away from Bindu, this village is popularly known for a tribal goddess. Many devotees worship the goddess river which originates from a rock that never dries.</p>\r\n<p>Famous for medicinal plants, garibas is also an attractive place to visit near Bindu. Diascorrea Plantation can be seen all around the village and this makes the village to look beautiful. For the enthusiasts of trees, the place is undoubtedly heaven.</p>\r\n<h2>NJP to Bindu by Road</h2>\r\n<p>If your plan is to travel from NJP to Bindu, first come to Siliguri by auto. Bindu is 106 km away from Siliguri and NBSTC Buses, Bhutan Govt. Buses, Mini Buses, ATC Buses, Private Buses are available from Siliguri to Bindu. It usually takes 2 hours to reach from Siliguri to Bindu depending on the road condition.</p>\r\n<p>Shared taxis are not available from NJP to Bindu. But you can hire a taxi to get there. Hired taxis have many drawback, high asking fare and traveling with an unknown driver is two of them. But when you opt for the service of Himalayan Wheels, you don&#39;t have to worry about these problems as we always provide the best car at the best price with a calm, polite and skillful driver.</p>\r\n<h2>NJP to Bindu by Train</h2>\r\n<p>New Mal Junction is the nearest rail station of Bindu at a distance of 31km. You can take a train from New Jalpaiguri to New Mal Junction. After arriving at New Mal Junction, get a taxi to finally reach Bindu. We don\'t prefer a train journey as it is full hassles.</p>\r\n<h2>NJP to Bindu by Air</h2>\r\n<p>The nearest airport to Bindu is Bagdogra. This airport is nicely connected with other various cities. After reaching Bagdogra, you can take any hired taxi, but as we already said, we should always opt for our car rental service.</p>\r\n<h2>How to Return from Bindu</h2>\r\n<p>We, at Himalayan Wheels, have made the return process too simple. Our pick and drop car rental service will pick you from Bindu and drop you at your desired location.</p>', NULL, 'Here we have discussed about  how to travel from NJP to Bindu, car fare from Njp to Bindu and the best car rental service you can get to travel this beautiful village.', NULL, 0, 0, 0, 0, 0, 0, 0, 0, NULL, NULL, NULL, NULL, 1, '2019-07-16 10:03:24', '2019-07-12 05:39:09', NULL),
(20, 4, 25, '<h2>How to travel from njp to Nagrakata</h2>\r\n<p>Nagrakata is a small beautiful town in Jalpaiguri District of West Bengal. It is surrounded by 14 tea gardens together named as Dooars Tea Company around 60 km north-east of Siliguri. Getting attracted by the beauty of Nagrakata, Britishers at that time tried to develop this town and built railway tracks to connect the town with other places. They also planted lots of tea gardens. As a result, Nagrakata has become one of the best tourist hubs due to its astonishing beauty and scenic tree gardens. Now if your plan is to travel from NJP to Nagrakata, you have come in the right place. Before discussing how to reach there, first let&#39;s talk about some of the attractive places in Nagrakata.</p>\r\n<h2>Places to Visit in Nagrakata</h2>\r\n<p>Nagrakata is quite popular for tea gardens. The vast green tea gardens are quite attractive to watch. One can enjoy the calmness of these gardens by sitting in them.</p>\r\n<p>Bhutan Border is another attractive place to visit in Nagrakata. By visiting the place, get a chance to know how the country is divided from each other culturally or geographically.</p>\r\n<p>If you are seeking peace in religious temples,&nbsp;Nagrakata is the place for you as it has many temples to visit. Visit the temples like OM Temple and Hanuman Temple and take the blessing of God.</p>\r\n<h2>NJP to Nagrakata by Road</h2>\r\n<p>Bus services are available to travel from NJP to Nagrakata. From Siliguri, there is plenty of buses available to travel to Nagrakata.</p>\r\n<p>Shared taxis are usually available from Siliguri. But shared taxis have many drawbacks. They don&#39;t start the journey unless the taxi is full. As a result, your precious time could go in vain.</p>\r\n<p>Hiring a taxi is the best option but with some disadvantages. While hiring, you have to negotiate the taxi fare with the driver and this could be a problem for someone.</p>\r\n<p>In this situation, our car rental service comes handy as you don&#39;t have to negotiate the price. We already provide the best car at a reasonable price.</p>\r\n<h2>NJP to Nagrakata by Train</h2>\r\n<p>There are plenty of trains available from NJP to Nagrakata. Nagrakata itself has a railway station. Therefore, you can directly travel from New Jalpaiguri to Nagrakata. But if you can&#39;t match the timing schedule of the train, the journey by the train is not going to be handy for you. And even for this, we recommend you to get the best car rental service by Himalayan Wheels.</p>\r\n<h2>NJP to Nagrakata by Air</h2>\r\n<p>Nagrakata does not have an airport. The nearest airport is Bagdogra which is nicely connected with many major cities of India. After reaching Bagdogra, you can opt for a car rental service from Himalayan Wheels. Himalayan Wheels is the best car rental agency when it comes to the best rental car at a reasonable price.</p>\r\n<h2>How to Return from Nagrakata</h2>\r\n<p>While returning from Nagrakata, you can take all the above-mentioned mediums too. But as we already said, our car rental service is cheap, convenient and the best one when it comes to your comfort. So don&#39;t think twice, try our car rental service once and feel the difference.</p>', NULL, 'Here we have discussed about how to travel from NJP to Nagrakata, car fare from njp to Nagrakata and the best car rental service you can opt to travel.', NULL, 0, 0, 0, 0, 0, 0, 0, 0, NULL, NULL, NULL, NULL, 1, '2019-07-16 10:03:31', '2019-07-12 05:48:20', NULL),
(21, 4, 26, '<h2>How to Travel from NJP to Paren</h2>\r\n<p>Nestled in the dense alpine forest, Paren is a pleasant Himalayan Hamlet in Dooars. Located on the way to Bindu, the road leading towards Paren offers an astonishing vista of changing landscapes. Far from the crowded human touch, Paren has transformed into a place to find solace in the lap of Himalaya. Passing by the daunting Hills of Bhutan, Paren is the true example of astonishing beauty. Now if your plan is to travel from NJP to Paren, we are going to guide you from first to last. But first, let\'s talk about some of the attractive places in Paren.</p>\r\n<h2>Places to visit in Paren</h2>\r\n<p>Enclosed by daunting hills, Paren Nature Resort is one of the attractive places in Paren. This resort offers an exquisite vista of natural beauty and one can enjoy the mesmerizing beauty of surrounding places too.</p>\r\n<p>Jhalong is another sightseeing place near Paren. The place is famous for its hydroelectricity project. This Dam becomes more beautiful during the winter season when it attracts many beautiful birds from central Asia and Ladakh thus making it an absolute paradise for birdslovers.</p>\r\n<p>The last Himalayan Hamlet of West Bengal named Bindu is another attractive place to visit nearby Paren. Located beside the Jaldhaka River, Bindu is blessed with many scenic locations and known widely for its calmness.</p>\r\n<p>Garibas is another attractive place to visit in Paren. It is an attractive greeny location filled with many medicinal plants. Therefore, the place is surely a must-visit place for botany lovers.</p>\r\n<h2>NJP to Paren By road</h2>\r\n<p>Paren is accessible via road nicely. In order to travel from NJP to Paren, get a bus from Siliguri to Jaldhaka. After arriving in Jaldhaka, get a taxi to finally reach Paren. As you can see while travelling from NJP to Paren, you have to bear a lot of hassles.</p>\r\n<p>Shared taxi is not available from New Jalpaiguri to Paren. As a result, you have to hire a car from New Jalpaiguri. The taxi fare drivers usually charge is higher and it is not a good experience either.</p>\r\n<p>And this is why to solve this problem, We offer a car rental service directly from New Jalpaiguri to Paren. You don&rsquo;t have to change any vehicles. Therefore, the journey will become quite comfortable.</p>\r\n<h2>NJP to Paren by Train</h2>\r\n<p>Paren does not have a railway station and the nearest railway station of this Hamlet is New Mal Junction. From NJP you have to get a train to New Mal Junction. And after arriving at New Mal Junction, you have to take a car to finally reach paren. Here, the travelling process is quite complex too.</p>\r\n<h2>NJP to Paren by Air</h2>\r\n<p>Paren does not have an airport. Bagdogra is the nearest airport of this beautiful Hamlet. So after arriving Bagdogra, you can hire a car to reach Paren. If you think that the car fare is a little high, you can try our convenient car rental service.</p>\r\n<h2>How to Return from Paren</h2>\r\n<p>Returning process is the most complex one. But Himalayan Wheels has made it easy by providing a pre-booked car even when returning. Just pre-book us from one day of your scheduled journey and we will pick and drop you in your desired location.</p>', NULL, 'Here in this article we have discussed about how to travel from njp to paren, the taxi fare needed from njp to paren and the best car rental service for you.', NULL, 0, 0, 0, 0, 0, 0, 0, 0, NULL, NULL, NULL, NULL, 1, '2019-07-16 10:03:38', '2019-07-12 05:56:36', NULL),
(22, 4, 27, '<h2>How to Travel from NJP to Gajoldoba</h2>\r\n<p>Gajoldoba is a small picturesque village in Jalpaiguri District of Dooars region. Between the Mahananda River and the Teesta River, Gajoldoba is surrounded by dense Baikunthopur Forest. The astonishing view of the tall mountains and many attractive places is making Gajoldoba a must-visit tourist spot rapidly. A mega tourism project is going on in Gajoldoba with a promise of making Gajoldoba a hot tourist destination in the near future. Now if you are planning to travel from NJP to Gajoldoba but don&#39;t know how to reach there, you have come in the right place. Before talking about how to reach there, first, let us showcase some of the attractive places in Gajoldoba.</p>\r\n<h2>Places to Visit in Gajoldoba</h2>\r\n<p>Gajoldoba barrage is the most famous place to visit in Gajoldoba. Located above the Teesta river, this barrage gives a beautiful view of Mount Kanchenjunga. Surrounded by dense Baikunthopur Forest, this place is too ideal to spend some quality time with nature as the place stays completely silent all the time.</p>\r\n<p>For the enthusiasts of birds, Gajoldoba is the must-visit place. You will never get tired by watching the birds like Indian cormorant, Northern Lapwing, River Lapwing, Grey Headed Lapwing, Indian Pond Heron, Common Teal, Tufted Duck, Bar Headed Goose and many more.</p>\r\n<p>In Gajoldoba, there is a mega project going on named as &quot;BhorerAlo&quot;. Tourist can vail 3-star hotels, 4-star hotels, 9 Hole Golf course, Govt Tourist Lodge, Lifestyle Clubs along with many other interesting aspects for tourists.</p>\r\n<h2>NJP to Gajoldoba by Road</h2>\r\n<p>Gajoldoba or BhorerAlo is just 19 km away from NJP. There is no bus available and you don&#39;t need a bus either. To travel from NJP to Gajoldoba, take a shared car, an auto or a toto to reach Ghorar More or Ashigahar and then again get a shared car to finally arrive in Gajoldoba. From NJP to Gajoldoba, the journey is full of hassles. The car fare is quite less but the comfort is not up to the mark.</p>\r\n<p>If comfort is your first priority, you should always opt for a hired car. The taxi fare is a little more if you get a car from Himalayan Wheels but you will get the best comfortable journey of your life.</p>\r\n<h2>NJP to Gajoldobga by Train</h2>\r\n<p>Gajoldoba does not have a rail station and the nearest rail station of this place in New Jalpaiguri Junction. After arriving at NJP, you can take all the above-mentioned vehicles to reach BhorerAlo. But we always recommend you to opt for a private car. You can choose various types of cars at Himalayan Wheels to travel from NJP to BhorerAlo.</p>\r\n<h2>NJP to Gajoldoba by Air</h2>\r\n<p>At a distance of 32 km, Bagdogra is the nearest airport of Gajoldoba. After reaching Bagdogra, you can hire a car from there. You have to negotiate with all the drivers to get the best car fare and the process will undoubtedly kill your precious time.</p>\r\n<p>In order to skip this hectic bargaining process, you can choose our car rental service where we will get the best car at a reasonable price.</p>\r\n<h2>How to Return from Gajoldoba</h2>\r\n<p>Now after spending some days in Gajoldoba, you finally have to return to your scheduled life. While returning, you can always choose our car rental service just by a simple call. Just pre-book us and we will pick you from Gajoldoba and will drop you to your desired location.</p>', NULL, 'If you are looking for a complete guide to travel from NJP to Gajoldoba, you have come in the right place. Here we have discussed about how to reach Gajoldoba, the taxi fare in Gajoldoba and the best car rental service provider.', NULL, 0, 0, 0, 0, 0, 0, 0, 0, NULL, NULL, NULL, NULL, 1, '2019-07-16 10:03:45', '2019-07-13 06:10:16', NULL),
(23, 4, 28, '<h2>How to Travel from NJP to Jalpaiguri</h2>\r\n<p>In the Indian state of West Bengal, a beautiful city Jalpaiguri is located on the bank of Teesta River which is the second-largest river in the West Bengal. Rich with historical and natural beauty, the city is quite popular for the view of mountain hills, mesmerizing tea gardens, and unique cultures. The nearby attractions like Gorumara National Park, Jaldapara Wildlife Sanctuary, Chapramari Wildlife Sanctuary and the bay of River Teesta is luring many travelers to visit this city. Now if you are planning a trip from NJP to Jalpaiguri and want to know how to reach there, you have come in the perfect place as we are going to discuss car fares, best car rental providers and most importantly how to reach there.</p>\r\n<h2>Places to Visit in Jalpaiguri</h2>\r\n<p>The city of Jalpaiguri does not lack any attractive places. Jalpaiguri Rajbari is an ancient architecture carrying many cultural values of Jalpaiguri. The huge gate of the palace makes us wonder about the ancient techniques of the architects.</p>\r\n<p>Rajbari Dighi is another attractive place to visit near Rajbari. If you demand tranquility and peace, this place is the ideal one for you. Spend hours of time by sitting beneath trees and watch the stable water of the pond.</p>\r\n<p>Gorumara National park is an attractive tourist destination near Jalpaiguri. The main attractions of the tourists here are One-horned rhinoceros, Royal Bengal Tiger, leopard, hornbills, and a variety of birds.</p>\r\n<p>Just 25 km away from Jalpaiguri town, Jalpesh is the major attraction of Maynaguri. Thousands of tourists and devotees come here every year to take the blessing of Lord Shiva.</p>\r\n<h2>NJP to Jalpaiguri by Road</h2>\r\n<p>Jalpaiguri is well accessible by road. There are many buses available from New Jalpaiguri. At a distance of 42.5 km from NJP, it usually takes 1 hour 30 minutes via SH12a road to travel from NJP to Jalpaiguri. You can even opt for a bus from Siliguri to Jalpaiguri. The car fare is not high but you have to compromise on comfort.</p>\r\n<p>Shared taxi is not available from NJP to Jalpaiguri. But you can always hire a car or cab. But we always recommend you to use our car rental service as it is cheap and convenient for everyone.</p>\r\n<h2>NJP to Jalpaiguri by Train</h2>\r\n<p>Jalpaiguri has not one but four railway stations such as Jalpaiguri Town, Jalpaiguri Road, Mohitnagar, Jalpaiguri Junction. Get a train from NJP to directly reach Jalpaiguri.</p>\r\n<p>But if your timing does not match with the train&#39;s scheduled time, a journey by train is not going to work for you. And in this situation, a car rental service provider like Himalayan Wheels comes handy. Just pre-book a car and the car will be there to pick you up.</p>\r\n<h2>NJP to Jalpaiguri by Air</h2>\r\n<p>There is no Airport in Jalpaiguri. Bagdogra airport is the nearest one of the city at a distance of 52.4 km. This particular airport is nicely connected with major other airports of the country. As a result, after landing at Bagdogra, pre-book a car from Himalayan Wheels and travel directly to Jalpaiguri.</p>\r\n<p>As you can see, traveling from NJP to Jalpaiguri is quite comfortable when you hire a car. And it is possible only because of Himalayan Wheels. Himalayan Wheels is the only one who provides the best car at a reasonable price. Most importantly, the drivers we provide are calm, skilled and co-operative and this is exactly what needed you as a traveler. So don\'t wait, make us the companion of your next journey.</p>\r\n', NULL, 'There are many options available to travel from NJP to Jalpaiguri. Here we have discussed about how to reach Jalpaiguri, what is the taxi fare, the best car rental agency and some of the attractive places to visit in Jalpaiguri.', NULL, 0, 0, 0, 0, 0, 0, 0, 0, NULL, NULL, NULL, NULL, 1, '2019-07-16 10:03:53', '2019-07-13 06:16:04', NULL),
(24, 4, 29, '<h2>How to Travel from NJP to Maynaguri</h2>\r\n<p>Among many other places to visit in West Bengal, Maynaguri should be in your must-visit list. Maynaguri is a tiny town located in Jalpaiguri District of West Bengal. Popularly known as &quot;The Gateway of Dooars&quot;, this town is quite popular for \"Jalpesh Mandir\" and Gorumara National Park which is located nearby the city. Now if your plan is to travel from NJP to Maynaguri, we will guide you about how to reach there, the best car rental service agency and the best car fare. But first, let us showcase some of the attractive places in Maynaguri.</p>\r\n<h2>Places to Visit in Maynaguri</h2>\r\n<p>Jalpesh Mandir is one of the attractive places in Maynaguri. This holy temple of Lord Shiva attracts lakhs of devotees throughout the years. But the devotees mostly increase during the month of monsoon when lakhs of pilgrims travel together to Jalpesh to worship Lord Shiva by chanting \"Bhole Bom\". Here you can feel the presence of Lord Shiva and get lost in the dimension of spirituality.</p>\r\n<p>Khuksia Park is another attractive place in Maynaguri. This park is ideal to get relief from the stress of life. One can spend some quality time in calm, peace and in a beautiful surrounding.</p>\r\n<p>As Maynaguri is &quot;The Gateway of Dooars&quot; you can spend some quality time in Maynaguri before traveling to Dooars which is blessed with many astonishing places and rich flora and fauna.</p>\r\n<h2>NJP to Maynaguri by Road</h2>\r\n<p>Bus service is not directly available from NJP to Maynaguri. As a result, get an auto from New Jalpaiguri to travel up to Siliguri. In Siliguri, there are plenty of buses available for Maynaguri. The distance between Siliguri to Maynaguri is 66 km and it usually takes 2 hours to reach Maynaguri.</p>\r\n<p>A shared taxi is not available and therefore, you have to hire a private taxi. And, we always suggest you pre-book a car from Himalayan Wheels as Himalayan Wheels is the best convenient car rental service in Eastern Himalaya. Our taxi fare is also in your budget.</p>\r\n<h2>NJP to Maynaguri by Train</h2>\r\n<p>Maynaguri has a railway station. Take a train from NJP to Maynaguri and it will take approximately 1 hour 30 minutes depending on the train you choose.</p>\r\n<h2>NJP to Maynaguri by Air</h2>\r\n<p>Maynaguri does not have an airport and the nearest airport is Bagdogra. The distance between these two cities is more than 66 km. Bagdogra is nicely connected with various other major airports of the country. So, after reaching Bagdogra, you can take a hired car. But if you want to avoid the hassle of hiring a car, you can pre-book any car from a car rental agency like Himalayan Wheels.</p>\r\n<h2>How to Return from Maynaguri</h2>\r\n<p>As you know Maynaguri is well connected by road and by train. You can take all the above-mentioned mediums even when returning. But we always recommend you to opt for a hired car. The taxi fare is a little high but you will get a comfortable journey experience.</p>\r\n<p>To get a comfortable journey, we suggest you to try our car rental service. Here we provide the best car at a reasonable price without wasting your time. So why are you waiting? Pre-book a car to try us once with our skilled drivers.</p>', NULL, 'If your plan is to travel from NJP to Maynaguri, lets have a look about how to go there, the taxi fare,  the best car rental service you should opt for and some of the attractive places to visit in Maynaguri.', NULL, 0, 0, 0, 0, 0, 0, 0, 0, NULL, NULL, NULL, NULL, 1, '2019-07-16 10:04:02', '2019-07-13 06:22:32', NULL);
INSERT INTO `rent_list` (`rent_id`, `rent_spoint`, `rent_epoint`, `rent_description`, `rent_metatitle`, `rent_metadescription`, `rent_metakeywords`, `rent_hatchback_price_nonac`, `rent_sedan_price_nonac`, `rent_standard_price_nonac`, `rent_luxury_price_nonac`, `rent_hatchback_price_ac`, `rent_sedan_price_ac`, `rent_standard_price_ac`, `rent_luxury_price_ac`, `rent_social_metatitle`, `rent_social_metadesc`, `rent_fb_img`, `rent_twiter_img`, `rent_status`, `rent_update_at`, `rent_create_at`, `rent_delete_at`) VALUES
(25, 4, 30, '<h2>How to Travel from NJP to Alipurduar</h2>\r\n<p>Nestled in the foothills of mighty Himalaya, on the bank of Kajlani River, Alipurduar is a magnificent town in the Alipurduar District of West Bengal. Surrounded by dense forest, gushing rivers and astonishing mountains, Alipurduar is undoubtedly nature&#39;s paradise. Blessed with rich flora and fauna and pleasant weather, there is no way you can ignore a trip to this magnificent town. Now, if you are attracted to this magnificent beauty and want to travel from NJP to Alipurduar, we have landed in the exact place. Here in this article, we are going to discuss about the transportation system, car fares, and best car rental provider to visit Alipurduar. But first, let\'s talk about some of the attractive places in Alipurduar.</p>\r\n<h2>Places to Visit in Alipurduar</h2>\r\n<p>Alipurduar has many attractive places to offer to the tourists and the Buxa Tiger reserve is one of them. Just 10 km away from Alipurduar, Buxa Tiger reserve is a natural habitat of tiger, leopard, elephant black panther, clouded leopard, Himalayan black deer, gaur, python and, many more. As a result, tourists can see these unique wild animals closely by going there.</p>\r\n<p>Jaldapara National Park is another attractive place in Alipurduar. Situated in the foothills of Eastern Himalaya, the park is full of different wildlife. Get a chance to see one-horned rhinoceros, tigers, elephant, leopards and many more by taking a Jungle Safari. You can even get a complete view of the surrounding jungle by taking a ride on the back of an elephant.</p>\r\n<p>Buxa Fort is another attractive place to visit in Alipurduar. The place is quite popular among trekkers and even among travelers. And the fort of this place is the symbol of the Indian freedom movement.</p>\r\n<h2>NJP to Alipurduar by Road</h2>\r\n<p>Bus service is usually available in Alipurduar. In order to travel from NJP to Alipurdurduar, you can come to Siliguri. From there, plenty of buses available to Aripurduar. The town is about 136 km away from Siliguri and it usually takes 4 hours to reach Alipurduar from Siliguri.</p>\r\n<p>Shared Taxis are not available, therefore you have to hire a car. But we always recommend you to use our car rental service as it is cheap and convenient for everyone.</p>\r\n<h2>NJP to Alipurduar by Train</h2>\r\n<p>Alipurduar has its own railway station. Therefore you can directly travel from NJP to Alipurduar. But there is a problem that it is hard to maintain the timing of the train.</p>\r\n<h2>NJP to Alipurduar by Air</h2>\r\n<p>Alipurduar does not have an airport and Cooch Behar airport and Bagdogra airport is the nearest of the city. After arriving in Alipurduar, you can pre-book a car from Himalayan Wheels to reach Alipurduar.</p>\r\n<p>As you can see, booking a car from the Himalayan Wheels is the most simple job you have ever done. You don&#39;t have to wait, don&#39;t have to think about bargaining, just a simple call and you are done. We will be there to pick you up and drop you to your desired travel destination. So don&#39;t forget to make us your travel companion the next time you travel.</p>', NULL, 'Alipurduar has many transportation options to reach the city. Here in this article we have discussed about how to travel from NJP to Alipurduar, the taxi fare, the best car rental service provider and some of the attractive places in Alipurduar.', NULL, 0, 0, 0, 0, 0, 0, 0, 0, NULL, NULL, NULL, NULL, 1, '2019-07-16 10:04:09', '2019-07-13 06:28:46', NULL),
(26, 31, 1, '<h2>How to travel from Bagdogra to Darjeeling</h2>\r\n<p>Nestled in the foothills of mighty Himalaya, Darjeeling is a mesmerizing city in the Darjeeling District of West Bengal. The city is quite popular among tourists because of its charming weather, view of snow-peaked mountains, exquisite scenic beauty, and lush tea gardens. Situated at an elevation of 2134 meters, Darjeeling never fails to offer a complete holiday package to the travelers and thus it is called &quot;The Queen of Hill Station&quot;. Now, if you are planning to travel from Bagdogra to Darjeeling to experience its breathtaking beauty, you have come in the right place. Here we will be discussing how to reach Darjeeling, the taxi fare and the best car rental service provider you can get. But first, let&#39;s have a look at some of the attractive places Darjeeling has to offer to the thirsty travelers.</p>\r\n\r\n<h2>Places to Visit in Darjeeling</h2>\r\n\r\n<p>Tiger Hill is one of the most famous places in Darjeeling. This peak is known for offering a spectacular view of sun-rise. This place is also ideal to enjoy the panoramic view of the entire city, the snow-peaked Mount Kanchenjunga and even Mount Everest.</p>\r\n\r\n<p>The Darjeeling Himalayan Railway is another attraction of Darjeeling. Popularly known as &quot;Toy Train&quot;, this magnificent train runs between Darjeeling and Jalpaiguri. The spectacular view of surrounding valleys and lush tree gardens, while traveling on the train, is enough to awe all the travelers. And because of this, Unesco has declared it a &quot;World Heritage Site&quot;.</p>\r\n\r\n<p>Happy Valley Tea Estate is another must-visit place in Darjeeling. This huge place is completely covered by many green tea gardens and offers a picturesque surrounding to the travelers.</p>\r\n\r\n<h2>Bagdogra to Darjeeling by Road</h2>\r\n\r\n<p>Darjeeling is nicely connected by road and there is no problem to travel from Bagdogra to Darjeeling. But if you want to reduce the cost of your journey, take a bus or an auto from the Bagdogra market to reach Tenzing Norgay Central Bus Terminus in Siliguri. From here, you will get many buses or shared taxis which are going for Darjeeling.</p>\r\n\r\n<p>As you can see, you have reduced the car fare but have sacrificed your comfort. And this is why we recommend you to take a pre-booked car from Himalayan Wheels. They will not just pick you from Bagdogra but also drop you directly to Darjeeling.</p>\r\n\r\n<h2>Bagdogra to Darjeeling by Train</h2>\r\n\r\n<p>Darjeeling is nicely connected with other cities by train as it is a popular travel destination. After arriving Bagdogra, you can take a train from Bagdogra to Darjeeling. But if your time does not match with the train&rsquo;s scheduled timing, you will not be able to travel by train.</p>\r\n\r\n<h2>Bagdogra to Darjeeling by Air</h2>\r\n\r\n<p>Darjeeling does not have an airport. The nearest airport of the city is Bagdogra. At a distance of 95 km from Darjeeling, it usually takes 3 hours to reach the city from Bagdogra.</p>\r\n\r\n<p>As you can see, Darjeeling is hard to travel even though it is nicely connected by road or by train from Bagdogra to Darjeeling. When you opt for a shared taxi, the taxi fare is low but you have to travel to Siliguri first. When you try to travel by train, the train&#39;s timing sometimes does not match with yours. And that is why after seeing travelers&rsquo; troubles, we have opened a car rental service from Bagdogra to Darjeeling. Here you don&#39;t have to share the car with any unknown person. Just pre-book a car from Himalayan wheels and reach your destination quite comfortably.</p>\r\n', NULL, 'Darjeeling is called the queen of the hills and here we have guided you about how to travel this scenic town from Bagdogra, what is the taxi fare and what is the best car rental service in India.', NULL, 0, 0, 0, 0, 0, 0, 0, 0, NULL, NULL, NULL, NULL, 1, '2019-07-16 10:04:26', '2019-07-13 12:59:53', NULL),
(27, 31, 32, '<h2>How to travel from Bagdogra to Gangtok</h2>\r\n<p>If you are planning to experience the calmness and the beauty of a scenic city to get relief from your hectic lifestyle but know nothing about the transportation system needed to travel from Bagdogra to Gangtok, we are here to help you. Gangtok is the capital of Sikkim, a state located in northeastern India. Gangtok is usually known as the paradise of Buddhists. One can see many tourist places in Gangtok such as many Buddhist monasteries, Nathula Pass, Tsomgo Lake, etc. which make the city a must-visit destination for travelers. Situated near the eastern Himalayan range, the city is a perfect example of a modern, resort town style with ancient spiritual beliefs and impressive natural heritage.</p>\r\n\r\n<h2>Places to Visit in Gangtok</h2>\r\n\r\n<p>Just 35 km away from Gangtok, Tsogmo Lake is an attractive place to visit in Gangtok. The lake is famous for its color-changing waters. In the monsoon, the water of the lake is deep and blue whereas, in the time of winter, the lake usually freezes into ice.</p>\r\n\r\n<p>Situated on the Indo-Chinese border, Nathula Pass is also an attractive place to visit in Gangtok. Many tourists flock here every year to enjoy the scenic beauty of the waterfalls that gush along the way from Gangtok to Nathu La. This place is also ideal to enjoy the snow-peaked mountains.</p>\r\n\r\n<p>Just 24 km away from Gangtok, you should not miss visiting Rumtek Monastery. As it is the most sacred monasteries in Sikkim, people from all around the world come here to take blessings of the Lord Buddha.</p>\r\n\r\n<h2>Bagdogra to Gangtok by Road</h2>\r\n\r\n<p>The bus service is available from Bagdogra to Gangtok. It usually takes 4 to 5 hours to reach Gangtok depending on the road condition. But we always recommend you to get a Sikkim registered vehicle because only they have the permission to enter Sikkim.</p>\r\n\r\n<p>As you can see, travelling from Bagdogra to Gangtok is full of hassles. You have to change multiple vehicles due to the permit issue. But if you rent a car from Himalayan Wheels, you don&#39;t have to bear the hassle of changing cars.</p>\r\n\r\n<h2>Bagdogra to Gangtok by Train</h2>\r\n\r\n<p>Gangtok does not have a railway station. The nearest rail station is New Jalpaiguri Junction which is 120 km away from Gangtok. NJP connects Gangtok with India&#39;s major cities like Chennai, Kolkata, Mumbai and, many more. So after reaching NJP, you can opt for our car rental service which will drop you directly to Gangtok.</p>\r\n\r\n<h2>Bagdogra to Gangtok by Air</h2>\r\n\r\n<p>Gangtok does not have an airport either. The nearest airport of the city is Bagdogra which is 124 km away. This particular airport has a connection with the major cities of India. So after reaching Bagdogra, you can take a bus or taxi to travel from Bagdogra to Gangtok.</p>\r\n\r\n<p>Finally, you have come to know about how to travel from Bagdogra to Gangtok and you have realized that the best car rental service provider is none other than Himalayan Wheels. Himalayan Wheels is the best choice which provides the best journey experience at a reasonable price. So, next time you travel don&#39;t forget to try us once and feel the difference.</p>\r\n', NULL, 'This article will completely guide you about how to travel from Bagdogra to Gangtok.We also mentioned  the car fare,  what are the transportation system needed to reach there and the best car rental service provides.', NULL, 0, 0, 0, 0, 0, 0, 0, 0, NULL, NULL, NULL, NULL, 1, '2019-07-16 10:04:37', '2019-07-13 13:06:10', NULL),
(28, 4, 1, '<h2>How to Travel From NJP to Darjeeling</h2>\r\n<p>Are you planning to visit the scenic beauty of Darjeeling but too worried by thinking of how to reach there? Well, you don\'t have to worry much as we, at Himalayan Wheels, are here to guide you from the beginning of your journey to your destination. Now finally, we are going to guide you like how you can go to Darjeeling by taxi, by train or by bus.</p>\r\n<p>New Jalpaiguri Railway Station or Njp is the main railway station located about 88kms south of Darjeeling. Njp serves the city Siliguri which is the largest city of North Bengal. It also serves as the entry point of Sikkim,Bhutan,Nepal, and even the northeastern states. As a result, many long-distance trains pass through that station. If you successfully arrive in NJP, there are several options to choose to reach Darjeeling such as Taxi, shared jeeps or even Darjeeling Himalayan Railway.</p>\r\n<h2>NJP to Darjeeling by Taxi</h2>\r\n<p>If you are planning to opt for a taxi after reaching NJP, there are hundreds of options available. Taxis are usually a small car or van which usually stay parked outside the stations. Larger vehicles are also available but the one problem is that the drivers always try their opportunistic chances. They increase the price more when it is a high tourist season. You can not even bargain due to the higher demands.</p>\r\n<p>However, if your plan is to take a reserved taxi, we always recommend that you take a pre-paid taxi. There is a prepaid taxi booth located near the taxi stand. Here the rates are fixed and you can escape from the tension of increasing price. You will get a slip as proof of advanced payment. Later all you have to do is that just hand over the slip to the driver after reaching Darjeeling. The prepaid counter usually opens at 7 am and closes by 7 pm. But here also lies many problems because the drivers they offer are inexperienced and mostly unknown to them. Are you willing to risk your life where you have other options like Himalayan Wheels?</p>\r\n<p>Here at Himalayan Wheels, we offer comfortable and convenience journey to the tourists. Here you can pre-book our vehicles and we will pick you up from where you want. And we will later drop you at your desired destinations. The process of booking our vehicles is completely hassle-free and all you have to do is a phone call to us.</p>\r\n<h2>NJP to Darjeeling by Shared Taxi</h2>\r\nThere are also many shared taxis available from NJP stations. Shared taxis usually two persons in the front next to the driver, four in the back seat and also four others at the rear seat. If you plan to get a shared taxi, you can a lot of problems. The vehicle will not start unless it is full of 8 to 10 passengers.You can\'t even carry heavy luggage. They usually carry luggage on the rooftop of the vehicle, therefore your costly things can get damaged.</h2>\r\n<p>If you want a little comfort, you can even book a shared a taxi to Darjeeling. You can book a seat online but the problem is that you have to come to Siliguri first. If you are little unlucky and don\'t able to get a shared jeep, you can also take an auto or cycle rickshaw to the Tenzing Norgay CentralBus Station which is also called the Siliguri main bus stand. From here we can find a lot of shared jeeps and taxis which usually are ready to go to Darjeeling. In order to make it easy to find your desired vehicles, there is a small board in front of them with the destination written on it. As you can see, the process is a little problematic.</p>\r\n<h2>NJP to Darjeeling by Train</h2>\r\n<p>You can travel to Darjeeling by train too. Darjeeling Himalayan Railway offers a toy train service from NJP and it goes all the way to Darjeeling. The narrow rail track passes through the highest altitude railway station of Asia known as Ghoom. The journey is quite joyful as you can see the magnificent view of hills and valleys through the train\'s window.</p>\r\n<h2>NJP to Darjeeling by Bus</h2>\r\n<p>If you find it comfortable to travel by bus, this option is also available to go from NJP to Darjeeling. There are presently two bus services available and both of them are run by NBSTC. You even can take a bus from Siliguri. And in order to reach Siliguri from New Jalpaiguri, you can take any auto or Rickshaw. From Siliguri, you can get plenty of private buses and state buses to reach Darjeeling.</p>\r\n<h2>How to Return from Darjeeling</h2>\r\n<p>Finally, we have guided you to know all the details related to reaching Darjeeling from New Jalpaiguri. And now maybe you are thinking about the process of returning. Please don\'t worry because here at Himalayan Wheels we are here to help you out.</p>\r\n<p>During the time of returning, you can take the above-mentioned mediums to return. But if you need to return to your home quite comfortably after enjoying the beauty of Darjeeling, you can opt for our car rental service.</p>\r\n<h2>Why You Should Choose Us</h2>\r\n<p>There are plenty of reasons for which you can choose our car rental service. As we have already mentioned, the process of booking our car rental service is quite easy and hassle-free. All you have to do is just book our car and we will pick and drop you from your desired location. WE choose our employees and drivers who are well behaved. Our drivers are quite supportive too. And most importantly, if you have any complaints regarding our services, you are always welcome to contact us as you already know here at Himalayan Wheels, the customer is our first priority.</p>', NULL, NULL, NULL, 0, 0, 0, 0, 0, 0, 0, 0, NULL, NULL, NULL, NULL, 1, '2019-07-16 10:04:46', '2019-07-13 13:11:16', NULL),
(29, 31, 8, '<h2>How to Travel from Bagdogra to Mirik</h2>\r\n<p>If your plan is to spend some days in Darjeeling, it would be great to enjoy some days in Mirik too. Mirik is a small beautiful town located in Darjeeling District of West Bengal. Mirik is a quite popular tourist hub because of its climate, easy accessibility, and natural environment. The weather of Mirik stays always charming. It never reaches to the point of extreme cold like Darjeeling&#39;s weather because Mirik has an average elevation of 1495m. The temperature of the city usually stays 30-degree Celsius during summer and a minimum of 1 degree Celsius during winter. So if you are planning to enjoy the beauty and charming weather of the city but don&#39;t know to travel from Bagdogra to Mirik, we are here to help you. But first, let&#39;s have a look at some of the attractive places in Mirik.</p>\r\n\r\n<h2>Places to Visit in Mirik</h2>\r\n\r\n<p>BokarNgedonChokhor Ling Monastery is one of the attractive places in Sikkim. This beautiful monastery is the home of many Buddhists Monks and this monastery is a must-visit place if you want to see the culture and the lifestyle of these Buddhists.</p>\r\n\r\n<p>Sumendu Lake is another attractive place to visit in Mirik. If your priority is tranquility and peace you can spend hours sitting beside this lake. Boating is quite fun here as you can enjoy the magnificent surroundings from the middle of the water. The magnificent dense forest around the lake gives an extra charm to the travelers.</p>\r\n\r\n<p>A Roman Catholic Church is an eye-catching edifice in Mirik, standing next behind Don Bosco Scool. Due to its brilliant structural design and astounding surrounding, Don Bosco is quite popular among tourists and one of the best places to visit in Mirik.</p>\r\n\r\n<p>If you need a mesmerizing view of lush tree gardens and a scenic view of snow-peaked mountains, Tingling Viewpoint is the ideal place for you.</p>\r\n\r\n<h2>Bagdogra to Mirik by Road</h2>\r\n\r\n<p>From Bagdogra Airport Private taxis are available to travel from Bagdogra to Mirik. The distance between the two places is 55 km and it usually takes 1 hour 30 minutes to reach Mirik. Private taxis are ok but the driver always asks high taxi fare and you have to keep bargaining with some of the drivers. This is undoubtedly a lengthy process and it wastes too much time.</p>\r\n\r\n<p>So, in order to rescue you from this trouble, Himalayan Wheels has opened a car rental service for all, where taxi fare is less but the comfort is much higher than your expectation.</p>\r\n\r\n<h2>Bagdogra to Mirik by Train</h2>\r\n\r\n<p>Mirik does not have a railway station and NJP is the major railway station nearby. New Jalpaiguri Junction has a connection with various other cities of India. So, after arriving NJP you can get a pre-booked car from Himlayan Wheels and travel directly to Mirik without even changing any vehicle.</p>\r\n\r\n<h2>Bagdogra to Mirik by Air</h2>\r\n\r\n<p>Mirik does not have an airport either. The nearest airport is Bagdogra at a distance of 55 km. This airport is nicely connected with various other airports. Therefore, after arriving Bagdogra you can take any private taxis which are running from Bagdogra to Mirik.</p>\r\n\r\n<p>Himalayan Wheels always try to fulfill customer&#39;s expectation by providing good car rental service along with an experienced driver. Our 24*7 dedicated support team is always there if you face any problems while booking and in order to create the trip full of memories, we offer a variety of cars to travel from Bagdogra to Mirik. So next time you pack your bag, don&#39;t forget to pre-book us to experience the services what makes us miles ahead from other car rental service provider.</p>\r\n', NULL, NULL, NULL, 0, 0, 0, 0, 0, 0, 0, 0, NULL, NULL, NULL, NULL, 1, '2019-07-16 10:04:55', '2019-07-15 12:57:27', NULL),
(30, 31, 9, '<h2>How to Travel from Bagdogra to Phuentsholing</h2>\r\n<p>Traveling to an unknown place for the first time can be a little problematic and if you don&#39;t have proper guidance. If you have planned to travel from Bagdogra to Phuentsholing, here in this article let us guide you from first to last. Phuentsholing is the gateway of Bhutan and as you enter here you will witness the beauty of Bhutan with the clean surrounding. Surrounded by astounding hills, this place is quite ideal to escape from your crowded and bustling lifestyle and take rest in the lap of the mesmerizing beauty of Phuentsholing.</p>\r\n\r\n<h2>Places to Visit in Phuentsholing</h2>\r\n\r\n<p>In Phuentsholing, Buddism is not a religion but a way of life. Therefore, Phuentsholing has many Buddist&#39;s monasteries and Zangtho Pelri Lhakhang is one of them. If you want to experience the lifestyle Buddhists and want to get the blessing from Lord Buddha, this mesmerizing ancient monastery is a must-visit place for you.</p>\r\n\r\n<p>Founded in 1967, Karbandi Monastery is another beautiful place to visit in Phuentsholing. The local name of this beautiful monastery is Karbandi Goemba, situated at a height of 400 meters. A beautiful garden is also there near the monastery from where you can get a panoramic view of the entire Phuentsholing.</p>\r\n\r\n<p>AmoChhu Crocodile Breeding Farm is one of the main attractions of Phuensholing. If you were always curious to know about these deadly creatures but did not get a chance to see it closely, you can visit this crocodile breeding farm. You finally know some of the attractive places in Phuentsholing. Now let&#39;s talk about how to reach there.</p>\r\n\r\n<h2>Bagdogra to Phuentsholing by Road</h2>\r\n\r\n<p>Bus, shared taxis are not available from Bagdogra to Phuentsholing. If you want to save carfare, you can travel to Siliguri first. There are plenty of buses available which runs to Jaigaon and Phuentsholing. As you can see, the journey is full of hassles when you try to travel from Bagdogra to Phuentsholing. And this is why you should always opt for a hired car from Himalayan Wheels. If you book a car from Himalayan Wheels, you don&#39;t need to go anywhere and don&#39;t even have to change vehicles. Himalayan Wheels will directly pick you Bagdogra and drop you to Phuentsholing.</p>\r\n\r\n<h2>Bagdogra to Phuentsholing by Train</h2>\r\n\r\n<p>The nearest railway station of Phuentsholing is Hasimara Railway Station at a distance of 18 km from the town. From Bagdogra Railway Station, you can get a train and travel up to Hasimara Railway Station. After reaching Hasimara, you again have to take a taxi to finally reach Phuentsholimg. The journey is quite tiresome as you have to change a lot of vehicles.</p>\r\n\r\n<h2>Bagdogra to Phuentsholing by Air</h2>\r\n\r\n<p>Phuentsholing does not have an airport and the nearest airport is Bagdogra itself. This particular airport is nicely connected with the major cities of India and even some countries are also connected. Therefore, after reaching Bagdogra, you can hire a car to travel from Bagdogra to Phuentsholing.</p>\r\n\r\n<p>To summarize the whole article, traveling from Bagdogra to Phuentsholing is not an easy job if you try to travel by bus or train. And, in this situation, a pre-booked car from Himalayan Wheels is the best option that you can choose. The cars of Himalayan Wheels are nicely maintained and you will always get an experienced, co-operative and calm driver. And exactly these are the things needed to have a beautiful journey.</p>\r\n', NULL, NULL, NULL, 0, 0, 0, 0, 0, 0, 0, 0, NULL, NULL, NULL, NULL, 1, '2019-07-16 10:05:09', '2019-07-15 13:01:50', NULL),
(31, 31, 5, '<h2>How to travel from Bagdogra to Jaigaon</h2>\r\n<p>If you are planning to visit Bhutan, the nearby city Jaigaon should be in your must-visit list. Jaigaon is a magnificent town of Alipurduar District in the state of West Bengal. It is a tiny town located near the low-lying hills of the Himalayan mountains. The city is surrounded by many scenic tea gardens and the Torsa River flows at the lower end of the town. The town is situated at the India-Bhutan border with Phuentsholing, therefore you will get a chance to travel to Bhutan to enjoy some Bhutanese places too. The town is quite small and you can easily see the city on foot. As of census 2011, the population of Jaigaon is just 42,254. Now, before diving into the question of how to reach there, let us showcase some of the attractive places in Jaigaon first.</p>\r\n<h2>Places to Visit in Jaigaon</h2>\r\n<p>Jaigaon has plenty of reasons to attract travelers, as it is located near Bhutan, you can experience the mesmerizing beauty of this country. Bhutan Gate is nearby and you will get a chance to know and enjoy this eye-catching Bhutanese architecture. The temperature of the town is quite charming. The temperature stays at 22 degrees to 30 degrees during summer and 10 degrees to 24 degrees Celsius during winter. This town becomes a must-visit place if you want to escape the intense heat of summer.</p>\r\n<p>Karbandi Monastery is another attractive place to visit near Jaigaon. This Buddhist monastery is quite popular among tourists because of his ancient architecture and astounding view of surrounding places.</p>\r\n<h2>Bagdogra to Jaigaon by Road</h2>\r\n<p>A hired car is available from Bagdogra to Jaigaon. After reaching Bagdogra get a taxi which is going to Jaigaon. Car drivers usually ask for high car fare while travelling from Bagdogra to Jaigaon.</p>\r\n<p>Buses are usually not available from Bagdogra to Jaigaon. But if you want to save some cost, you can go Siliguri first. From Siliguri plenty of Buses are available which are going to Jaigaon.</p>\r\n<p>As you can see, Traveling from Bagdogra to Jaigaon is not an easy task. To save some car fare, you have to change a lot of vehicles. And that is why we at Himalayan Wheels offer a car rental service at a reasonable price.</p>\r\n<h2>Bagdogra to Jaigaon by Train</h2>\r\n<p>The nearest rail station in Jaigaon is Hasimara. As a result, you have to travel from Bagdogra to Hasimara First. After reaching Hasimara, you have to again get a car to finally reach Jaigaon.</p>\r\n<p>The traveling process is not quite smooth either by train from Bagdogra to Jaigaon. To skip this hectic car changing process, you can always go for the Himalayan Car Rental Service.</p>\r\n<h2>Bagdogra to Jaigaon by Air</h2>\r\n<p>Jaigaon does not have an airport and Bagdogra itself is the nearest airport of Jaigaon. Bagdogra Airport is nicely connected with many major cities in India. So after reaching Jaigaon, you can hire a car from Himlayan Wheels to avoid the hassle of changing vehicles multiple times.</p>\r\n<p>As you can see, if you avoid Himalayan Wheels car rental service the journey becomes quite problematic. Therefore, we always suggest hiring a car from Himlayan Wheels. Here, car fare from Bagdogra to Jaigaon is also cheap and you always get an experienced driver for the safe journey of you. So, don&#39;t wait, book a car from Himalayan Wheels the next time you travel from Bagdogra to Jaigaon.</p>', NULL, NULL, NULL, 0, 0, 0, 0, 0, 0, 0, 0, NULL, NULL, NULL, NULL, 1, '2019-07-16 10:34:45', '2019-07-16 10:17:46', NULL),
(32, 31, 6, '<h2>How to Travel from Bagdogra to Kalimpong</h2>\r\n\r\n<p>Are you recently planning to visit Kalimpong? Kalimpong is one of the major travel destinations of North Bengal. It is situated at an average elevation of 1250 meters and this beautiful town is close to Bhutan-Tibet-Sikkim border on the eastern part of Darjeeling Himalayas. The astonishing and charming weather of Kalimpong attracts tourists to visit the town throughout the year. Blessed with rich flora and fauna, Kalimpong is the perfect combination of ancient tradition and modern life. Now if your journey starts from Bagdogra to Kalimpong, you have come in the right place as we are going to describe all the transportation options needed to visit Kalimpong. But first, let&#39;s talk about some of the attractive places to visit in Kalimpong.</p>\r\n\r\n<h2>Places to Visit in Kalimpong</h2>\r\n\r\n<p>Kalimpong is famous for many picturesque places and jaw-dropping architectures. Deolo Hill is the highest point of the town at an elevation of 2000 meters from here you can get a complete panoramic view of Kalimpong. A beautiful piece of architecture wrapped with a legend of being haunted, Morgan&#39;s house is an excellent example of colonial architecture in Kalimpong. The mansion was constructed in the 1930s by Mr. and Mrs. Morgan. But, recently it is turned into a tourist lodge by West Bengal Tourism Development Corporation.</p>\r\n\r\n<p>Founded by Dalai Lama in 1976 Jang Dong Palriffo Brang Gompa is the perfect example of the religious belief of Buddhists. There are many other Buddhist monasteries located in Kalimpong, thus making it one of the major hubs for Buddhism followers. Kalimpong is the major flower producing center in India which produces 80% of flowers and then export to other places. Kalimpong&#39;s Cactus Nursery is quite famous among tourists where you can see different types of cactus along with 400 types of orchids. Kalimpong is a favorite for adventure seekers too, as it offers them to do hiking, river rafting, paragliding, and many more activities. For nature lovers to the adventure seeker, there is always something to offer for everyone in Kalimpong.</p>\r\n\r\n<h2>Bagdogra to Kalimpong by Road</h2>\r\n\r\n<p>Bus service is not available from Bagdogra to Kalimpong. If you prefer traveling by bus and want to save some car fare, you can travel up to Siliguri. In Tenzing Norgay Bus Terminus, buses usually run for Kalimpong. Shared taxi is also available from Siliguri. But shared taxis don&#39;t run unless they are full. Therefore you have to wait for a long time to finally start your journey.</p>\r\n\r\n<p>If comfort is your first priority, you should go for hired cars. But again, the problem is that the drivers usually ask for higher car fare from Bagdogra to Kalimpong. And that is why the best option is always to pre-book a car from Himalayan Wheels. The booking process is too simple and you don&#39;t have to bargain at all.</p>\r\n\r\n<h2>Bagdogra to Kalimpong by Train</h2>\r\n\r\n<p>Kalimpong does not have its own railway station. The nearest rail station of Kalimpong is New Jalpaiguri Junction at a distance of 73 km. New Jalpaiguri Junction is a popular railway station in North Bengal. It has a connection with various other railway stations of entire India. As you can see, you can&#39;t travel from Bagdogra to Kalimpong by train. And that is why the best convenient way to reach there is by a pre-booked car from Himalayan Wheels.</p>\r\n\r\n<h2>Bagdogra to Kalimpong by Air</h2>\r\n\r\n<p>Kalimpong doesn&#39;t have an airport either and the nearest airport is Bagdogra Airport itself. Bagdogra is nicely connected with major airports of India. It has also a connection with some international airports too. So after arriving Bagdogra, always choose Himalayan Car rental Service as it provides the best car. Car fare from Bagdogra to Kalimpong is also quite cheap here at Himalayan Wheels.</p>\r\n\r\n<h2>How to Return from Kalimpong</h2>\r\n\r\n<p>Himalayan Wheels has made the returning journey also quite simple. When the time of your return comes, just pre-book our cars and enjoy even the returning journey with us.</p>\r\n', NULL, NULL, NULL, 0, 0, 0, 0, 0, 0, 0, 0, NULL, NULL, NULL, NULL, 1, '2019-07-16 10:23:00', '2019-07-16 10:23:00', NULL),
(33, 31, 7, '<h2>How to travel from Bagdogra to Lava</h2>\r\n<p>There are quite a few places in West Bengal where you can enjoy the snowfall and lava is one of them. This mesmerizing village is located 30 kilometers east of the Kalimpong town in the State of West Bengal. Blessed with rich flora and fauna, Lava is undoubtedly one of the most recommended tourist destinations in the West Bengal. The village is located at the altitude of 7100ft and as it is situated in the dense forest, it is too quiet and romantic. The journey from Bagdogra to Lava is too cheerful as this village is surrounded by many Alpine trees. Now before talking about how to travel from Bagdogra to Lava, know some of the attractive places in Lava first.</p>\r\n<h2>Places to Visit in Lava</h2>\r\n<p>Lava can be tagged as a tourist\'s paradise as it is full of attractive and worth visiting places. You can completely fall in love with the village once you start exploring it. Lava\'s Kagyu Thekchen Ling Monastery is a beautiful Buddhist Monastery situated in the lap of Himalaya. Visit the monastery to get spiritually connected to Buddhism and feel the presence of Buddha everywhere. Changery Fall is situated at a distance of 10 km from this village and it is quite popular among tourists for its scenic beauty. Neora Valley National Park is another attractive place in Lava. If you want to enjoy the company of none other than nature, you must visit this wildlife-rich park. You can even see many animals here in Neora Valley National Park such as tigers, red panda, leopard and many more. Tiffin Dara View Point is another famous place of Lava for enjoying sunrise and sunset. Now if you are planning to travel from Bagdogra to Lava, you have come in the right place.</p>\r\n<h2>Bagdogra to Lava by Road</h2>\r\n<p>Bus service is not available from Bagdogra to Lava. If you want to save some car fare, you can go up to Siliguri. From here, plenty of buses are available which go to Lava via Gorubathan and Kalimpong.</p>\r\n<p>Shared taxis are also not available from Bagdogra to Lava. So if you wanted to save some car fare, it is not going to happen. In this situation, hired taxi is the best option but the drivers try to charge more car fare from Bagdogra to Lava and you have to keep bargaining with them to get the cheap price.</p>\r\n<p>That is why we suggest Himalayan Wheels car rental service from Bagdogra to Lava. Here you don&#39;t have to bargain, don\'t have to change any vehicles, just a single call and your work is done.</p>\r\n<h2>Bagdogra to Lava by Train</h2>\r\n<p>Lava does not have a railway station. The nearest railway station is New Mal Junction at a distance of 58 km. So, you can travel from Bagdogra to New Mal Junction First and after arriving at New mal Junction, you can hire a car to finally reach Lava. A journey by train from Bagdogra to Lava is quite long and time-eater. You have to change multiple vehicles and the car fare from Bagdogra to Lava will increase dramatically.</p>\r\n<h2>Bagdogra to Lava by Air</h2>\r\n<p>Bagdogra is the major airport of Lava at a distance of 109 km. This particular airport is quite popular as it has a connection with many other major airports in the country. So after reaching Bagdogra, the best option is always to get a pre-booked car from Himalayan Wheels as they are the only ones who can take from Bagdogra to lava directly.</p>\r\n<h2>How to Return from Lava</h2>\r\n<p>After enjoying the beauty of Lava, returning from the village can be quite hectic. You can&#39;t return by train as Lava has no railway station and the nearby station new Mal junction is more than 58 km away. Finding a returning bus is quite difficult too as it is an offbeat destination. But don\'t worry we are here to help you. Even while you are returning, you can opt for our car rental service. Just pre-book our car and we will drop you to your desired location.</p>\r\n', NULL, NULL, NULL, 0, 0, 0, 0, 0, 0, 0, 0, NULL, NULL, NULL, NULL, 1, '2019-07-16 10:29:12', '2019-07-16 10:29:12', NULL),
(34, 4, 32, '<h2>How to Travel from NJP to Gangtok</h2>\r\n\r\n<p>Gangtok is the capital of Sikkim, a state situated in northeastern India. Gangtok is usually known as the Buddhist haven. There are many tourist places in Gangtok such as many Buddhist monasteries, Nathula Pass, Tsomgo Lake, etc. which make the city a must-visit destination for tourists. Situated near the eastern Himalayan range, the city is a combination of modern, resort town style with ancient spiritual beliefs and impressive natural heritage. If you are planning to experience the calmness and beauty of this scenic cityto get relief from your hectic lifestyle but know nothing about the transportation system, we are here to help you.</p>\r\n\r\n<p>If your plan is to travel from NJP to Gangtok, there are plenty of options available. Here we are going to discuss about all the transportation systems to reach Gangtok, their advantages, and even their disadvantages and why you should always choose our car rental service.</p>\r\n\r\n<h2>Njp to Gangtok by Taxi</h2>\r\n\r\n<p>The most convenient way to go to Gangtok is by road because the access to railway route is limited in Sikkim. After reaching NJP station, you can opt for a taxi or a taxi rental service like Himalayan Wheels. The drivers usually ask more than the fair price and which can be quite uncomfortable and costly for you. But here at Himalayan Wheels, we always ask for the exact price and the cars we provide are also quite comfortable. The drivers we provide are experienced enough and know how to behave politely with customers.</p>\r\n\r\n<h2>NJP to Gangtok by Shared Taxi</h2>\r\n\r\n<p>If your plan is to go for a little cheap option, you can take a shared taxi. You can find many shared taxis from NJP railway station or even from Siliguri. You have to bear troubles if you want to get a shared taxi from Siliguri as you must take an auto to reach there. Shared taxis usually does not start until it is completely full, thus you have to wait and let other passengers come first. You can feel bored while waiting and that is why we offer a convenient car rental service. Here you don&rsquo;t have to wait for someone and you can comfortably reach your desired destinations. Shared Taxis carry your luggage on the roof-top of the car and because of this, your luggage can get damaged. But here at Himalayan Wheels, we take care of you including your luggage so that you can travel tension free.</p>\r\n\r\n<h2>NJP to Gangtok by Bus</h2>\r\n\r\n<p>Buses usually run from Siliguri to Gangtok through the national highway 10(formerly known as NH 31A). Sikkim Nationalized Transport (SNT) offers Sikkim State buses from its bus terminal at Siliguri. This Bus terminal is located near Tenzing Norgay Central BusTerminal. After reaching NJP, you can take an auto to come to the SNT bus terminal. There are many buses available to Gangtok at an interval of 1 hour starting at 8:30 am until 1:30 pm. The last bus from this terminal to Gangtok runs at 3:30 pm. There are also many private buses available from SNT.</p>\r\n\r\n<p>Journey by bus has many disadvantages and one of them is that you can&#39;t get any buses directly from New Jalpaiguri. You have to bear the hassle of reaching Siliguri first. But if you let us help, we can pick you up directly from NJP.</p>\r\n\r\n<h2>How to Return From Gangtok</h2>\r\n\r\n<p>Returning from Gangtok can be a headache for you. While returning from Bagdogra, the drivers demand higher than exact fare and to solve this problem, we offer car rental service even when you are returning home.</p>\r\n\r\n<h2>Why You Should Choose Us</h2>\r\n\r\n<p>Himalayan Wheels is an agency that provides car rental services to the tourists so that they can enjoy the peace and beauty of nature without worrying about their medium of the journey. Here at Himalayan Wheels, our chief focus is your comfort. We always ensure that you reach your desired destinations without wasting any extra penny. So why are you waiting? Just call us to book a car to enjoy the mesmerizing Sikkim and if you have any queries, don&#39;t hesitate to contact us.</p>\r\n', NULL, NULL, NULL, 0, 0, 0, 0, 0, 0, 0, 0, NULL, NULL, NULL, NULL, 1, '2019-07-16 12:17:39', '2019-07-16 12:17:39', NULL),
(35, 31, 12, '<h2>How to travel from Bagdogra to Lolegaon</h2>\r\n\r\n<p>If you are seeking for peace and want to enjoy the breathtaking beauty of nature, you should at least travel once to Lolegaon. It is a fascinating Lepcha hamlet with a population of just 5000 people. At an altitude of 1675 meters, it is situated at the extreme end of the Himalayan ridge in the Kalimpong District of West Bengal. It is undoubtedly naturs&#39;s paradise. Known for its simplicity and the panoramic view of Mount Kanchenjunga, there are also many attractive places located in Lolegaon. Let&#39;s dive into all of them one by one and later get to know about all the mediums needed to reach there.</p>\r\n\r\n<h2>Places to Visit in Lolegaon&nbsp;</h2>\r\n\r\n<p>Lolegaon is full of attractive places and Neora Valley Nation Park is one of them. If you are a nature and birds lover, this park becomes a must-visit travel destination for you. Feel the solace of nature and get to know some interesting facts about a cute creature named Red Panda. The park is also a home of various other wild animals and trees.</p>\r\n\r\n<p>Get closer to a Buddhist Monastery and feel the presence of Lord Buddha everywhere at Lava Jamgyong Kongtrul Monastery. Know this oldest Tibetan architecture and get an astonishing panoramic view of the entire village as well as of the mountains.</p>\r\n\r\n<p>Experience walking on a 180 meters long wooden tree-top bridge. It is hanging from one tree to another. View the beauty of the forest from a reasonable height and feel the continuous swing of the bridge. Get the majestic view of Kanchenjunga and Mount Everest from a wooden hilltop named Jhandi Dara. Get a chance to experience the most cherished memory of your life by seeing the sunrise over the snow-peaked Kanchenjungha.</p>\r\n\r\n<h2>Bagdogra to Lolegaon by Road</h2>\r\n\r\n<p>Bus service is not directly available from Bagdogra to Lolegaon. If you want to save some car fare, you can go up to Siliguri. From Siliguri&#39;s P.C Mittal Bus Stand, plenty of buses available that go to Lolegaon.</p>\r\n\r\n<p>Shared taxis are also not available from Bagdogra to Lolegao. For a shared taxi, you again have to go to Siliguri. So if you wanted to save some car fare, it is not going to happen. In this situation, a hired taxi is the best choice for you but the drivers try to charge more car fare from Bagdogra to Lava. Therefore, you have to keep bargaining with them to get the cheap price.</p>\r\n\r\n<p>That is why we suggest Himalayan Wheels car rental service to travel from Bagdogra to Lolegaon. Here you don&#39;t have to bargain, don&#39;t have to change any vehicles, just contact, choose your desired car and you are done.</p>\r\n\r\n<h2>Bagdogra to Lolegaon by Train</h2>\r\n\r\n<p>There is no railway station in Lolegaon. The nearest station of the village is New Jalpaiguri which is well connected with various major railway stations of the country. But the lack of the railway station in the village makes it impossible for a tourist to travel Lolegaon by train. The only option to travel from NJP to Lolegaon is by road and this is why we are offering our cheap and convenient car rental service to you.</p>\r\n\r\n<p>&nbsp;</p>\r\n\r\n<h2>Bagdogra to Lolegaon by Air</h2>\r\n\r\n<p>Lolegaon does not have an airport. The nearest one is Bagdogra Airport which is 100 km away from the Village. Bagdogra is well connected with various airports nationally and even internationally. As we can see travelling from NJP to Lolegaon by air is impossible as this village has no airport.</p>\r\n\r\n<h2>How to Return from Lolegaon</h2>\r\n\r\n<p>You don&#39;t have to think much about the process of returning. Himalayan wheels also offer a car rental service to return from Lolegaon. We ensure you that the journey while returning will also be quite comfortable. So, the next time you visit Lolegaon, don&#39;t forget to opt for Himalayan Wheels car rental service for your both journey.</p>\r\n', 'dsfd', NULL, NULL, 13, 2, 3, 4, 5, 1, 7, 8, NULL, NULL, 'himalayan_wheels_1563968826243867722.jpg', 'himalayan_wheels_1563968826793213684.jpg', 1, '2019-07-25 11:10:24', '2019-07-16 12:55:55', NULL),
(36, 25, 10, '<p>dasdasdasdasda</p>\r\n', NULL, NULL, NULL, 0, 0, 0, 0, 0, 0, 0, 0, NULL, NULL, 'himalayan_wheels_1563969314881615126.jpg', 'himalayan_wheels_156396931441654584.jpg', 2, '2019-07-24 11:56:40', '2019-07-24 11:55:14', '2019-07-24 11:56:40'),
(37, 1, 31, '<p>dasdas</p>\r\n', 's', 'd', 'g', 1, 2, 3, 4, 5, 6, 8, 9, NULL, NULL, 'himalayan_wheels_1563969371201521893.jpg', 'himalayan_wheels_1563969371862944387.jpg', 2, '2019-07-24 11:56:38', '2019-07-24 11:56:11', '2019-07-24 11:56:38'),
(38, 4, 33, '<p>dfasf</p>\r\n', 'meta title', 'df', 'kf', 0, 0, 0, 0, 0, 0, 0, 0, NULL, 'dfd', NULL, NULL, 1, '2019-07-26 06:47:20', '2019-07-26 06:38:36', NULL);

-- --------------------------------------------------------

--
-- Table structure for table `socials`
--

CREATE TABLE `socials` (
  `social_id` int(10) UNSIGNED NOT NULL,
  `facebook` text,
  `twitter` text,
  `youtube` text,
  `instagram` text,
  `fb_og_id` text,
  `fb_site_img` text,
  `tw_card_id` text,
  `tw_site_img` text,
  `sitemap` text,
  `google_file` text,
  `bing_file` text,
  `social_update_at` timestamp NOT NULL DEFAULT CURRENT_TIMESTAMP ON UPDATE CURRENT_TIMESTAMP,
  `social_create_at` timestamp NOT NULL DEFAULT CURRENT_TIMESTAMP
) ENGINE=InnoDB DEFAULT CHARSET=latin1;

--
-- Dumping data for table `socials`
--

INSERT INTO `socials` (`social_id`, `facebook`, `twitter`, `youtube`, `instagram`, `fb_og_id`, `fb_site_img`, `tw_card_id`, `tw_site_img`, `sitemap`, `google_file`, `bing_file`, `social_update_at`, `social_create_at`) VALUES
(1, '', NULL, NULL, NULL, '312123', 'himalayan_wheels_1564126111753356275.jpg', NULL, 'himalayan_wheels_1564126102314033501.png', 'sitemap.xml', 'sitemap.xml', 'sitemap.xml', '2019-07-26 07:28:31', '2019-07-24 06:18:29');

--
-- Indexes for dumped tables
--

--
-- Indexes for table `admin`
--
ALTER TABLE `admin`
  ADD PRIMARY KEY (`member_id`);

--
-- Indexes for table `booking`
--
ALTER TABLE `booking`
  ADD PRIMARY KEY (`bk_id`);

--
-- Indexes for table `enquiry`
--
ALTER TABLE `enquiry`
  ADD PRIMARY KEY (`enq_id`);

--
-- Indexes for table `locations`
--
ALTER TABLE `locations`
  ADD PRIMARY KEY (`loc_id`),
  ADD KEY `loc_parent_id` (`loc_parent_id`);

--
-- Indexes for table `location_aliases`
--
ALTER TABLE `location_aliases`
  ADD PRIMARY KEY (`la_id`),
  ADD KEY `loc_id_ref_la` (`loc_id_ref_la`);

--
-- Indexes for table `members`
--
ALTER TABLE `members`
  ADD PRIMARY KEY (`mem_id`);

--
-- Indexes for table `quick_contact`
--
ALTER TABLE `quick_contact`
  ADD PRIMARY KEY (`qid`);

--
-- Indexes for table `rent_list`
--
ALTER TABLE `rent_list`
  ADD PRIMARY KEY (`rent_id`),
  ADD KEY `rent_spoint` (`rent_spoint`),
  ADD KEY `rent_epoint` (`rent_epoint`);

--
-- Indexes for table `socials`
--
ALTER TABLE `socials`
  ADD PRIMARY KEY (`social_id`);

--
-- AUTO_INCREMENT for dumped tables
--

--
-- AUTO_INCREMENT for table `admin`
--
ALTER TABLE `admin`
  MODIFY `member_id` int(10) UNSIGNED NOT NULL AUTO_INCREMENT, AUTO_INCREMENT=2;

--
-- AUTO_INCREMENT for table `booking`
--
ALTER TABLE `booking`
  MODIFY `bk_id` int(10) UNSIGNED NOT NULL AUTO_INCREMENT, AUTO_INCREMENT=3;

--
-- AUTO_INCREMENT for table `enquiry`
--
ALTER TABLE `enquiry`
  MODIFY `enq_id` int(10) UNSIGNED NOT NULL AUTO_INCREMENT, AUTO_INCREMENT=2;

--
-- AUTO_INCREMENT for table `locations`
--
ALTER TABLE `locations`
  MODIFY `loc_id` int(10) UNSIGNED NOT NULL AUTO_INCREMENT, AUTO_INCREMENT=34;

--
-- AUTO_INCREMENT for table `location_aliases`
--
ALTER TABLE `location_aliases`
  MODIFY `la_id` int(10) UNSIGNED NOT NULL AUTO_INCREMENT, AUTO_INCREMENT=2;

--
-- AUTO_INCREMENT for table `members`
--
ALTER TABLE `members`
  MODIFY `mem_id` int(10) UNSIGNED NOT NULL AUTO_INCREMENT, AUTO_INCREMENT=3;

--
-- AUTO_INCREMENT for table `quick_contact`
--
ALTER TABLE `quick_contact`
  MODIFY `qid` int(11) NOT NULL AUTO_INCREMENT, AUTO_INCREMENT=2;

--
-- AUTO_INCREMENT for table `rent_list`
--
ALTER TABLE `rent_list`
  MODIFY `rent_id` int(10) UNSIGNED NOT NULL AUTO_INCREMENT, AUTO_INCREMENT=39;

--
-- AUTO_INCREMENT for table `socials`
--
ALTER TABLE `socials`
  MODIFY `social_id` int(10) UNSIGNED NOT NULL AUTO_INCREMENT, AUTO_INCREMENT=2;

--
-- Constraints for dumped tables
--

--
-- Constraints for table `locations`
--
ALTER TABLE `locations`
  ADD CONSTRAINT `locations_ibfk_1` FOREIGN KEY (`loc_parent_id`) REFERENCES `locations` (`loc_id`) ON DELETE CASCADE ON UPDATE CASCADE;

--
-- Constraints for table `location_aliases`
--
ALTER TABLE `location_aliases`
  ADD CONSTRAINT `location_aliases_ibfk_1` FOREIGN KEY (`loc_id_ref_la`) REFERENCES `locations` (`loc_id`) ON DELETE CASCADE ON UPDATE CASCADE;

--
-- Constraints for table `rent_list`
--
ALTER TABLE `rent_list`
  ADD CONSTRAINT `rent_list_ibfk_1` FOREIGN KEY (`rent_spoint`) REFERENCES `locations` (`loc_id`) ON DELETE CASCADE ON UPDATE CASCADE,
  ADD CONSTRAINT `rent_list_ibfk_2` FOREIGN KEY (`rent_epoint`) REFERENCES `locations` (`loc_id`) ON DELETE CASCADE ON UPDATE CASCADE;
COMMIT;

/*!40101 SET CHARACTER_SET_CLIENT=@OLD_CHARACTER_SET_CLIENT */;
/*!40101 SET CHARACTER_SET_RESULTS=@OLD_CHARACTER_SET_RESULTS */;
/*!40101 SET COLLATION_CONNECTION=@OLD_COLLATION_CONNECTION */;
